"site","year","sample_id","known_nest","nest_id","species","lat","long"
"6thBridge","2020",1,"yes","23483","White Ibis",26.122388414222,-80.541958439648
"6thBridge","2020",2,"yes","23499","White Ibis",26.1218099897969,-80.541999772566
"6thBridge","2020",3,"yes","23611","White Ibis",26.1234414064254,-80.5418285401982
"6thBridge","2020",4,"yes","23613","White Ibis",26.1234757705598,-80.5418492445489
"6thBridge","2020",5,"yes","23482","White Ibis",26.122393830858,-80.5419618341883
"6thBridge","2020",6,"yes","23585","White Ibis",26.121374315332,-80.5419984732642
"6thBridge","2020",7,"no","","White Ibis",26.1220857530105,-80.5431212302999
"6thBridge","2020",8,"no","","White Ibis",26.1234296737794,-80.5424454200149
"6thBridge","2020",9,"no","","White Ibis",26.1220693842331,-80.5431178094828
"6thBridge","2020",10,"yes","23612","White Ibis",26.123453206826,-80.5418179787902
"6thBridge","2020",11,"yes","23607","White Ibis",26.1238829849663,-80.5418002207391
"6thBridge","2020",12,"no","","White Ibis",26.1207507120892,-80.5430591979157
"6thBridge","2020",13,"no","","White Ibis",26.1220733985182,-80.5431118750793
"6thBridge","2020",14,"yes","23501","White Ibis",26.1218043930886,-80.5420017019178
"6thBridge","2020",15,"no","","White Ibis",26.1221527393495,-80.543041518112
"6thBridge","2020",16,"no","","White Ibis",26.1221439850808,-80.543019408056
"6thBridge","2020",17,"yes","23594","White Ibis",26.1213632253895,-80.5419732848603
"6thBridge","2020",18,"no","","White Ibis",26.1212207845385,-80.5426970506954
"6thBridge","2020",19,"no","","White Ibis",26.1220781589318,-80.5430760089239
"6thBridge","2020",20,"no","","Great Egret",26.1241665100009,-80.5425477785799
"6thBridge","2020",21,"no","","White Ibis",26.1220797744442,-80.543089800993
"6thBridge","2020",22,"yes","23600","White Ibis",26.1214012173441,-80.5419852603941
"6thBridge","2020",23,"no","","White Ibis",26.1220814654521,-80.5431190944282
"6thBridge","2020",24,"no","","White Ibis",26.1221665266975,-80.5430266556417
"6thBridge","2020",25,"no","","White Ibis",26.1201135653181,-80.5430560628092
"6thBridge","2020",26,"no","","White Ibis",26.1195333349554,-80.5431358538516
"6thBridge","2020",27,"yes","23592","White Ibis",26.1213531397599,-80.5419623625132
"6thBridge","2020",28,"no","","White Ibis",26.1220796724522,-80.5431144019078
"6thBridge","2020",29,"no","","Great Egret",26.121508086524,-80.5426445999182
"6thBridge","2020",30,"yes","23598","White Ibis",26.1213417853434,-80.5419935885952
"6thBridge","2020",31,"no","","White Ibis",26.1195511298107,-80.5431934929736
"6thBridge","2020",32,"no","","White Ibis",26.1220866402037,-80.5431058137738
"6thBridge","2020",33,"yes","23484","White Ibis",26.1223706326745,-80.5419574712469
"6thBridge","2020",34,"yes","23610","White Ibis",26.1234356250525,-80.5418227425686
"6thBridge","2020",35,"yes","23586","White Ibis",26.1213347841047,-80.5419827013952
"6thBridge","2020",36,"no","","White Ibis",26.1221059542054,-80.543116307652
"6thBridge","2020",37,"no","","White Ibis",26.1221412431723,-80.5430359013043
"6thBridge","2020",38,"yes","23608","White Ibis",26.1237368885402,-80.5418036792186
"6thBridge","2020",39,"no","","Great Egret",26.1221256811601,-80.5430173081941
"6thBridge","2020",40,"yes","23551","White Ibis",26.1214209130779,-80.5419858106258
"6thBridge","2020",41,"no","","White Ibis",26.1221049082896,-80.5431223402329
"6thBridge","2020",42,"no","","White Ibis",26.1221587275479,-80.5430354888432
"6thBridge","2020",43,"yes","23573","Great Egret",26.1215565271146,-80.5420084553434
"6thBridge","2020",44,"yes","23614","White Ibis",26.1234393680918,-80.5418093443646
"6thBridge","2020",45,"yes","23532","White Ibis",26.1216586947304,-80.5419652985682
"6thBridge","2020",46,"yes","23609","White Ibis",26.1236366304862,-80.5417920812032
"6thBridge","2020",47,"no","","White Ibis",26.1220777651912,-80.5431050056276
"6thBridge","2020",48,"yes","23536","Roseate Spoonbill",26.1217008375165,-80.5419621454959
"6thBridge","2020",49,"yes","23615","White Ibis",26.1234755072724,-80.5418357037268
"6thBridge","2020",50,"yes","23571","White Ibis",26.1214217572417,-80.5419972540262
"6thBridge","2021",1,"no","","Great Egret",26.1229921840665,-80.541904898554
"6thBridge","2021",2,"yes","379088","Great Egret",26.1217535685322,-80.5419380822762
"6thBridge","2021",3,"yes","379077","Great Egret",26.1229907602951,-80.5419041510695
"6thBridge","2021",4,"no","","Great Egret",26.1218206981452,-80.5418941880867
"6thBridge","2021",5,"no","","Great Egret",26.1229256594312,-80.5418365261759
"6thBridge","2021",6,"no","","Roseate Spoonbill",26.1215475942972,-80.5418587861485
"6thBridge","2021",7,"yes","379064","Great Egret",26.1230995672338,-80.5420636362655
"6thBridge","2021",8,"no","","Great Egret",26.1233020442554,-80.5418382274139
"6thBridge","2021",9,"yes","379087","Great Egret",26.1218566118649,-80.5419254651987
"6thBridge","2021",10,"no","","Great Egret",26.1229619507191,-80.5419373011244
"6thBridge","2021",11,"no","","Great Egret",26.1232684293688,-80.5418618906361
"6thBridge","2021",12,"no","","Great Egret",26.1223761298947,-80.5418447243764
"6thBridge","2021",13,"no","","Great Egret",26.1231924110861,-80.5418854952195
"6thBridge","2021",14,"yes","379090","Great Egret",26.121794014242,-80.5418613858362
"6thBridge","2021",15,"yes","379081","Great Egret",26.1223749311755,-80.5418456399111
"6thBridge","2021",16,"no","","Roseate Spoonbill",26.121575395576,-80.5418552718326
"6thBridge","2021",17,"yes","379065","Great Egret",26.1231450269569,-80.5419841229476
"6thBridge","2021",18,"yes","379101","Great Egret",26.1215206952016,-80.5418817089223
"6thBridge","2021",19,"no","","Great Egret",26.1229193445978,-80.5418996155204
"6thBridge","2021",20,"yes","379076","Great Egret",26.1231908704785,-80.5418849958073
"6thBridge","2021",21,"no","","Great Egret",26.1231020040887,-80.5420641246805
"6thBridge","2021",22,"yes","379100","Roseate Spoonbill",26.1215749441826,-80.5418576556855
"6thBridge","2021",23,"yes","379057","Great Egret",26.1232283982407,-80.5422267745216
"6thBridge","2021",24,"no","","Great Egret",26.1216499667802,-80.5419538266999
"6thBridge","2021",25,"yes","379066","Great Egret",26.1231117056181,-80.5421020112584
"6thBridge","2021",26,"yes","379075","Great Egret",26.1233008149035,-80.5418375339985
"6thBridge","2021",27,"no","","White Ibis",26.1243116678443,-80.5426364210586
"6thBridge","2021",28,"no","","Great Egret",26.1218569291023,-80.541923914346
"6thBridge","2021",29,"yes","379086","Great Egret",26.1217911960291,-80.5419433768097
"6thBridge","2021",30,"yes","379074","Great Egret",26.1232675970739,-80.5418616575289
"6thBridge","2021",31,"yes","379078","Great Egret",26.1229175475476,-80.5418994084852
"6thBridge","2021",32,"yes","379091","Roseate Spoonbill",26.1217308727665,-80.5418880493972
"6thBridge","2021",33,"yes","379098","Great Egret",26.1215639661456,-80.5418661696428
"6thBridge","2021",34,"no","","Great Egret",26.1233822476477,-80.5418505480778
"6thBridge","2021",35,"no","","White Ibis",26.123569843591,-80.5419953982882
"6thBridge","2021",36,"yes","379092","Great Egret",26.1216501755357,-80.5419551615189
"6thBridge","2021",37,"no","","Great Egret",26.1217907643852,-80.5419423952656
"6thBridge","2021",38,"no","","Great Egret",26.1215642636791,-80.5418659153283
"6thBridge","2021",39,"no","","Great Egret",26.1217516496693,-80.5419369545022
"6thBridge","2021",40,"no","","Roseate Spoonbill",26.1216609029248,-80.5419661342801
"6thBridge","2021",41,"yes","379108","Great Egret",26.124138677224,-80.5418129024142
"6thBridge","2021",42,"yes","379079","Great Egret",26.1229259993608,-80.5418354988257
"6thBridge","2021",43,"no","","Roseate Spoonbill",26.1217321852258,-80.5418874194403
"6thBridge","2021",44,"yes","379093","Roseate Spoonbill",26.121661654961,-80.5419674068569
"6thBridge","2021",45,"yes","379114","Great Egret",26.1238117073736,-80.5416954335402
"6thBridge","2021",46,"no","","Great Egret",26.1217541081583,-80.5419360661061
"6thBridge","2021",47,"yes","379113","Great Egret",26.1237404197342,-80.5417898559897
"6thBridge","2021",48,"yes","379073","Great Egret",26.1233815819648,-80.5418496668885
"6thBridge","2021",49,"no","","Great Egret",26.1231463395235,-80.5419843569875
"6thBridge","2021",50,"no","","Great Egret",26.1232299666098,-80.5422253629211
"6thBridge","2022",1,"yes","157579","Great Egret",26.1217422659234,-80.5418852128847
"6thBridge","2022",2,"yes","157528","Great Egret",26.1229882938881,-80.542110528154
"6thBridge","2022",3,"no","","Roseate Spoonbill",26.1233520680242,-80.5419288052871
"6thBridge","2022",4,"no","","Roseate Spoonbill",26.1231659194775,-80.5419548723273
"6thBridge","2022",5,"yes","157561","Great Blue Heron",26.1222193302005,-80.5418880647816
"6thBridge","2022",6,"yes","157551","Roseate Spoonbill",26.1230815484746,-80.5419221705327
"6thBridge","2022",7,"no","","Great Egret",26.1229053683979,-80.5419145617754
"6thBridge","2022",8,"no","","Great Egret",26.1229750874959,-80.5419413286284
"6thBridge","2022",9,"no","","Great Egret",26.1229465031962,-80.541989195468
"6thBridge","2022",10,"no","","Great Egret",26.1232087398535,-80.5418859284277
"6thBridge","2022",11,"no","","Roseate Spoonbill",26.1233352406931,-80.5418938315812
"6thBridge","2022",12,"yes","157554","Great Egret",26.1229747213513,-80.5419402304934
"6thBridge","2022",13,"no","","Roseate Spoonbill",26.1230817657673,-80.5419212555449
"6thBridge","2022",14,"no","","Great Egret",26.1231372817075,-80.5423594729406
"6thBridge","2022",15,"yes","157578","Roseate Spoonbill",26.1217552057238,-80.5419550128671
"6thBridge","2022",16,"yes","157526","Great Egret",26.123009318771,-80.542059052895
"6thBridge","2022",17,"no","","Great Egret",26.1241415701855,-80.5418741325263
"6thBridge","2022",18,"no","","Great Egret",26.1229585773271,-80.5421751780744
"6thBridge","2022",19,"yes","157564","Great Egret",26.1220299528865,-80.5418923923534
"6thBridge","2022",20,"no","","Roseate Spoonbill",26.1230334335141,-80.5419421117807
"6thBridge","2022",21,"no","","Great Egret",26.122988862142,-80.5421085442087
"6thBridge","2022",22,"no","","Great Egret",26.1218386661383,-80.5420677321052
"6thBridge","2022",23,"yes","157524","Great Egret",26.1230964637436,-80.5420708742302
"6thBridge","2022",24,"yes","157575","Roseate Spoonbill",26.1216849533831,-80.5418990804573
"6thBridge","2022",25,"yes","157520","Great Egret",26.1229586475073,-80.54217776061
"6thBridge","2022",26,"yes","157568","Great Egret",26.1218519976775,-80.5419143267658
"6thBridge","2022",27,"yes","157552","Great Egret",26.1229061072258,-80.5419149162069
"6thBridge","2022",28,"no","","Great Egret",26.1230087672043,-80.5420587175861
"6thBridge","2022",29,"no","","Great Egret",26.1230453537342,-80.5421806168513
"6thBridge","2022",30,"yes","157555","Great Egret",26.1229466202977,-80.5419914991184
"6thBridge","2022",31,"no","","White Ibis",26.1201263251008,-80.5422558187913
"6thBridge","2022",32,"yes","157557","Great Egret",26.1229958137925,-80.5419984520709
"6thBridge","2022",33,"yes","157572","Great Egret",26.1217762502462,-80.541940733456
"6thBridge","2022",34,"no","","Great Egret",26.1229955071876,-80.5419083073643
"6thBridge","2022",35,"yes","157553","Great Egret",26.1229959665206,-80.5419089990577
"6thBridge","2022",36,"yes","157514","Great Egret",26.1231378671286,-80.5423612955232
"6thBridge","2022",37,"no","","Great Egret",26.1219157777956,-80.542027431011
"6thBridge","2022",38,"yes","157525","Great Egret",26.123062339239,-80.5421011585622
"6thBridge","2022",39,"yes","157527","Great Egret",26.1229609692324,-80.5421384301815
"6thBridge","2022",40,"yes","157536","White Ibis",26.1216782415091,-80.5421172954504
"6thBridge","2022",41,"yes","157567","Great Egret",26.1218111520628,-80.5419527359531
"6thBridge","2022",42,"no","","Great Egret",26.1229668142696,-80.5420614103624
"6thBridge","2022",43,"yes","157541","Great Egret",26.1241419769741,-80.5418730634797
"6thBridge","2022",44,"no","","Great Egret",26.121681150681,-80.5420910668203
"6thBridge","2022",45,"no","","Great Egret",26.1229611844019,-80.5421358365769
"6thBridge","2022",46,"no","","Great Egret",26.1230970320499,-80.5420689721254
"6thBridge","2022",47,"no","","Great Egret",26.1229593547947,-80.5420797729412
"6thBridge","2022",48,"yes","157556","Great Egret",26.1229265616912,-80.5419223744007
"6thBridge","2022",49,"no","","Great Egret",26.1230625165441,-80.5420999110152
"6thBridge","2022",50,"yes","157558","Great Egret",26.1228778789427,-80.5419318370232
"AlleyNorth","2021",1,"yes","285020","Great Egret",26.19687325,-80.5278520557639
"AlleyNorth","2021",2,"yes","284907","Great Egret",26.1991226098929,-80.5287920720545
"AlleyNorth","2021",3,"yes","284830","White Ibis",26.198559621811,-80.5289214873576
"AlleyNorth","2021",4,"no","","Great Egret",26.197654344588,-80.5290213773253
"AlleyNorth","2021",5,"yes","284883","White Ibis",26.1966480087207,-80.5289541119869
"AlleyNorth","2021",6,"yes","284812","Great Egret",26.1964910929313,-80.5291171880254
"AlleyNorth","2021",7,"no","","White Ibis",26.1972464604728,-80.5289792099825
"AlleyNorth","2021",8,"no","","Roseate Spoonbill",26.2015138092033,-80.5289483568462
"AlleyNorth","2021",9,"no","","Great Egret",26.1985146887497,-80.5288644910833
"AlleyNorth","2021",10,"no","","Roseate Spoonbill",26.1985620363898,-80.5289207971296
"AlleyNorth","2021",11,"no","","Roseate Spoonbill",26.2003597355064,-80.5289979390843
"AlleyNorth","2021",12,"yes","284945","White Ibis",26.1967451560653,-80.5288364434641
"AlleyNorth","2021",13,"yes","285010","Great Egret",26.1972535561552,-80.5282195431917
"AlleyNorth","2021",14,"no","","Great Egret",26.1973386021095,-80.5289246635335
"AlleyNorth","2021",15,"yes","284903","White Ibis",26.1991492571785,-80.5287837305153
"AlleyNorth","2021",16,"yes","284885","White Ibis",26.1965159458091,-80.528900455704
"AlleyNorth","2021",17,"no","","White Ibis",26.1970986417142,-80.5290611339115
"AlleyNorth","2021",18,"no","","Roseate Spoonbill",26.2015098129227,-80.5289566731592
"AlleyNorth","2021",19,"yes","285019","Great Egret",26.1967700782157,-80.5277179695019
"AlleyNorth","2021",20,"yes","284857","White Ibis",26.197154892329,-80.5289145691085
"AlleyNorth","2021",21,"yes","284981","White Ibis",26.1984951735086,-80.5286565210836
"AlleyNorth","2021",22,"yes","284905","White Ibis",26.1990749682758,-80.5287415045669
"AlleyNorth","2021",23,"yes","284902","White Ibis",26.1991894073635,-80.5287872086713
"AlleyNorth","2021",24,"no","","White Ibis",26.197368349433,-80.5289704311965
"AlleyNorth","2021",25,"yes","284929","White Ibis",26.1971452424056,-80.5287160767742
"AlleyNorth","2021",26,"no","","Great Egret",26.1987611649542,-80.5288626650305
"AlleyNorth","2021",27,"no","","White Ibis",26.1971862275668,-80.5289492022404
"AlleyNorth","2021",28,"no","","Roseate Spoonbill",26.1972861462979,-80.5290496198813
"AlleyNorth","2021",29,"yes","285006","Great Egret",26.1987354101913,-80.5282645064481
"AlleyNorth","2021",30,"no","","White Ibis",26.1970406994067,-80.5291216150796
"AlleyNorth","2021",31,"yes","284925","White Ibis",26.1975051778209,-80.5288394933978
"AlleyNorth","2021",32,"yes","284863","White Ibis",26.1971180465627,-80.5288852162461
"AlleyNorth","2021",33,"no","","Great Egret",26.1972347435779,-80.5290783143708
"AlleyNorth","2021",34,"yes","284874","White Ibis",26.1972509314168,-80.5288828876691
"AlleyNorth","2021",35,"yes","284947","White Ibis",26.196739096517,-80.5288352289652
"AlleyNorth","2021",36,"yes","284908","White Ibis",26.1991013081655,-80.5287458771031
"AlleyNorth","2021",37,"yes","284836","White Ibis",26.1973399160936,-80.5289232327145
"AlleyNorth","2021",38,"no","","Roseate Spoonbill",26.1965234249399,-80.5290977848413
"AlleyNorth","2021",39,"yes","284886","White Ibis",26.1965127964315,-80.5289350509467
"AlleyNorth","2021",40,"no","","White Ibis",26.1966094766858,-80.529248121944
"AlleyNorth","2021",41,"no","","Great Egret",26.1981756269822,-80.5290387843907
"AlleyNorth","2021",42,"yes","284930","White Ibis",26.1971578721603,-80.5287449494699
"AlleyNorth","2021",43,"no","","White Ibis",26.1985270206094,-80.5289699337652
"AlleyNorth","2021",44,"no","","White Ibis",26.1994149432283,-80.5288898569743
"AlleyNorth","2021",45,"yes","284803","White Ibis",26.1970991147107,-80.5290627713304
"AlleyNorth","2021",46,"no","","Great Egret",26.1973447890184,-80.5290018040122
"AlleyNorth","2021",47,"no","","White Ibis",26.197204041198,-80.5289853710668
"AlleyNorth","2021",48,"no","","Great Egret",26.1978783275267,-80.5290588971496
"AlleyNorth","2021",49,"no","","White Ibis",26.1983615540118,-80.5296832980413
"AlleyNorth","2021",50,"no","","White Ibis",26.2000554991501,-80.5288759215225
"CypressCity","2020",1,"yes","1754","Great Egret",26.1235891567241,-80.5043902154758
"CypressCity","2020",2,"yes","1930","Great Egret",26.1240029137481,-80.5041502200314
"CypressCity","2020",3,"yes","1767","Great Egret",26.1232436980457,-80.5044197212694
"CypressCity","2020",4,"no","","White Ibis",26.1242953058333,-80.5044746289115
"CypressCity","2020",5,"no","","Great Egret",26.1242362398589,-80.5043872859296
"CypressCity","2020",6,"yes","1788","Wood Stork",26.1241210219942,-80.5043584342041
"CypressCity","2020",7,"no","","Great Egret",26.1240449723654,-80.5045714973493
"CypressCity","2020",8,"yes","1813","White Ibis",26.1240974059189,-80.5043292688891
"CypressCity","2020",9,"no","","Great Egret",26.124264649152,-80.5044822849019
"CypressCity","2020",10,"no","","Great Egret",26.12383306661,-80.5046084883841
"CypressCity","2020",11,"yes","1805","White Ibis",26.1240847028119,-80.5043350657598
"CypressCity","2020",12,"no","","Great Egret",26.124276955038,-80.5044514356612
"CypressCity","2020",13,"no","","Great Egret",26.124161341276,-80.5046079656521
"CypressCity","2020",14,"yes","1776","Great Egret",26.1242773147655,-80.5042288383829
"CypressCity","2020",15,"yes","1815","White Ibis",26.1240951940931,-80.5043448785135
"CypressCity","2020",16,"yes","1941","Great Egret",26.1238009320586,-80.5041486328197
"CypressCity","2020",17,"no","","Great Egret",26.1238410432676,-80.504679094175
"CypressCity","2020",18,"no","","Great Egret",26.1241957258924,-80.5044226843235
"CypressCity","2020",19,"yes","1797","White Ibis",26.1240913298421,-80.5043477256995
"CypressCity","2020",20,"no","","Great Egret",26.1240369758003,-80.5046827444778
"CypressCity","2020",21,"no","","Great Egret",26.1242130612721,-80.5046222735404
"CypressCity","2020",22,"yes","1800","White Ibis",26.1240944289815,-80.5043212112259
"CypressCity","2020",23,"yes","1729","Great Blue Heron",26.1241835175442,-80.5044491844899
"CypressCity","2020",24,"no","","Wood Stork",26.1243019566539,-80.5044541612045
"CypressCity","2020",25,"yes","1891","Great Egret",26.1243034804793,-80.5041715142671
"CypressCity","2020",26,"no","","Great Egret",26.1240755444045,-80.5046264760527
"CypressCity","2020",27,"yes","1714","Great Egret",26.1243032052584,-80.5044569856176
"CypressCity","2020",28,"no","","Great Blue Heron",26.1241906616806,-80.5044098431288
"CypressCity","2020",29,"no","","Wood Stork",26.1243059393833,-80.5044613960302
"CypressCity","2020",30,"yes","1734","White Ibis",26.1240454960921,-80.5043959637874
"CypressCity","2020",31,"no","","Wood Stork",26.1242007085345,-80.5044409379417
"CypressCity","2020",32,"no","","White Ibis",26.124011015556,-80.5049621792738
"CypressCity","2020",33,"no","","Great Egret",26.1237862003185,-80.5046410648464
"CypressCity","2020",34,"yes","1964","Great Egret",26.1232789957097,-80.5040863620392
"CypressCity","2020",35,"no","","Great Egret",26.1241188720246,-80.504397079247
"CypressCity","2020",36,"yes","1904","Great Egret",26.1241739958802,-80.5041523902949
"CypressCity","2020",37,"no","","Great Egret",26.1237781177089,-80.5046355528198
"CypressCity","2020",38,"no","","Great Egret",26.1238536060663,-80.5045481842544
"CypressCity","2020",39,"yes","1802","White Ibis",26.1240878202993,-80.5043047900231
"CypressCity","2020",40,"yes","1905","Great Egret",26.1241913802604,-80.5041691355861
"CypressCity","2020",41,"yes","1804","Wood Stork",26.124081582869,-80.5043432389677
"CypressCity","2020",42,"yes","1820","Great Egret",26.123947299841,-80.5042484588378
"CypressCity","2020",43,"no","","Wood Stork",26.1242969493004,-80.5044614612807
"CypressCity","2020",44,"no","","Wood Stork",26.1243075851323,-80.5044484137283
"CypressCity","2020",45,"yes","1910","Great Egret",26.1241857019675,-80.5041378407011
"CypressCity","2020",46,"yes","1803","Wood Stork",26.1240865590242,-80.5043519233412
"CypressCity","2020",47,"yes","1873","Great Egret",26.1229660154954,-80.5042856984484
"CypressCity","2020",48,"yes","1945","Great Egret",26.1237460517035,-80.5041913407894
"CypressCity","2020",49,"no","","Great Egret",26.1241479622364,-80.5045494106529
"CypressCity","2020",50,"no","","White Ibis",26.1241571048879,-80.5045357043524
"CypressCity","2021",1,"no","","Great Egret",26.1238500046648,-80.5043782906241
"CypressCity","2021",2,"yes","271821","Great Egret",26.1244298120597,-80.5041626484922
"CypressCity","2021",3,"yes","271733","Great Egret",26.1233482247032,-80.5036807415424
"CypressCity","2021",4,"no","","Great Egret",26.1236515324901,-80.5045251220568
"CypressCity","2021",5,"no","","Great Egret",26.1236356352476,-80.5045547534249
"CypressCity","2021",6,"yes","271292","Great Egret",26.1238379099586,-80.5042429944265
"CypressCity","2021",7,"yes","271797","Great Egret",26.1239668148082,-80.5042591741977
"CypressCity","2021",8,"no","","Great Egret",26.1239670081905,-80.5043676830629
"CypressCity","2021",9,"yes","271946","Great Egret",26.123255882124,-80.5037854387833
"CypressCity","2021",10,"yes","271632","Great Blue Heron",26.1243288934312,-80.5040615244547
"CypressCity","2021",11,"yes","272870","Roseate Spoonbill",26.1238455778756,-80.5042435306326
"CypressCity","2021",12,"no","","Great Blue Heron",26.1241971372487,-80.5044257561861
"CypressCity","2021",13,"yes","272114","Great Blue Heron",26.1231426835957,-80.5040144357002
"CypressCity","2021",14,"yes","271795","Great Egret",26.1239482438984,-80.5042694653786
"CypressCity","2021",15,"yes","271437","Great Egret",26.1232524701006,-80.5038685908111
"CypressCity","2021",16,"yes","271568","Great Egret",26.1240098754152,-80.5042330199594
"CypressCity","2021",17,"no","","Great Egret",26.1239896663011,-80.504392198341
"CypressCity","2021",18,"no","","Great Blue Heron",26.1240979749647,-80.5044685534775
"CypressCity","2021",19,"yes","271313","Great Blue Heron",26.1231720869302,-80.5043297829208
"CypressCity","2021",20,"no","","Great Egret",26.1242681510922,-80.5044010942712
"CypressCity","2021",21,"yes","271298","Great Egret",26.1238614899435,-80.5042472982733
"CypressCity","2021",22,"no","","Great Egret",26.1242619213736,-80.5044849513913
"CypressCity","2021",23,"yes","271575","Roseate Spoonbill",26.123890057556,-80.5042659726555
"CypressCity","2021",24,"no","","White Ibis",26.1241699894158,-80.50456305967
"CypressCity","2021",25,"no","","Great Blue Heron",26.1239151818826,-80.5045143468293
"CypressCity","2021",26,"no","","Great Blue Heron",26.1243096413167,-80.5044921663397
"CypressCity","2021",27,"no","","Great Blue Heron",26.1243275098633,-80.5044751293039
"CypressCity","2021",28,"yes","272132","Great Blue Heron",26.1236659520112,-80.5039511504887
"CypressCity","2021",29,"yes","271335","Great Egret",26.1239877954386,-80.504183739267
"CypressCity","2021",30,"yes","271329","Great Egret",26.1243881685325,-80.5041047097706
"CypressCity","2021",31,"no","","Great Egret",26.1241284617741,-80.5044214961013
"CypressCity","2021",32,"no","","Great Egret",26.1236133547397,-80.5045152869626
"CypressCity","2021",33,"no","","Great Egret",26.1239471043962,-80.5043812729561
"CypressCity","2021",34,"no","","Great Egret",26.1242947359179,-80.5045755169109
"CypressCity","2022",1,"no","","Great Egret",26.1242084255987,-80.5046185927103
"CypressCity","2022",2,"no","","Great Egret",26.1239959291051,-80.5045657719792
"CypressCity","2022",3,"yes","147866","Roseate Spoonbill",26.1234058579386,-80.5037737320402
"CypressCity","2022",4,"no","","Great Egret",26.1242977949151,-80.5044232447884
"CypressCity","2022",5,"yes","147485","Great Egret",26.1233030508752,-80.5042114346956
"CypressCity","2022",6,"no","","Great Egret",26.1241319215516,-80.5045111550643
"CypressCity","2022",7,"no","","Great Egret",26.1236245927308,-80.5045881649529
"CypressCity","2022",8,"no","","White Ibis",26.1241796143733,-80.504671822957
"CypressCity","2022",9,"no","","Great Egret",26.1241211043271,-80.50498295717
"CypressCity","2022",10,"no","","Great Egret",26.1240694673425,-80.5045724698485
"CypressCity","2022",11,"no","","Great Egret",26.1241297062122,-80.5044248433475
"CypressCity","2022",12,"no","","Great Egret",26.1239209743178,-80.5045893454406
"CypressCity","2022",13,"yes","147566","Great Egret",26.1230366636876,-80.5038842702239
"CypressCity","2022",14,"no","","Great Egret",26.1239495931208,-80.5046169786741
"CypressCity","2022",15,"yes","147563","Great Egret",26.1231298500062,-80.503980611457
"CypressCity","2022",16,"yes","147598","Roseate Spoonbill",26.1234259758823,-80.5037556033136
"CypressCity","2022",17,"yes","147623","Great Egret",26.1234176240058,-80.5036940983382
"CypressCity","2022",18,"yes","147611","Great Egret",26.122989242015,-80.5037492971533
"CypressCity","2022",19,"no","","Great Egret",26.1239562379999,-80.5045903890678
"CypressCity","2022",20,"yes","147459","Great Egret",26.1228524349279,-80.5042593523574
"CypressCity","2022",21,"yes","148492","White Ibis",26.1240862918991,-80.5043207999876
"CypressCity","2022",22,"yes","147527","Great Egret",26.1229726818478,-80.5040342619539
"CypressCity","2022",23,"no","","Great Egret",26.124171148973,-80.504679560123
"CypressCity","2022",24,"no","","Roseate Spoonbill",26.1237460047592,-80.5044250635988
"CypressCity","2022",25,"yes","147561","Great Egret",26.1232487780148,-80.5038782473302
"CypressCity","2022",26,"yes","147607","Great Egret",26.1232018191753,-80.5038210261554
"CypressCity","2022",27,"yes","148600","Roseate Spoonbill",26.1231437562885,-80.5040234129024
"CypressCity","2022",28,"no","","Great Egret",26.1240189072866,-80.5045214369404
"CypressCity","2022",29,"yes","147523","Great Egret",26.1230245525185,-80.504000718658
"CypressCity","2022",30,"yes","147558","Great Egret",26.1232384195585,-80.5039120946273
"Jerrod","2020",1,"no","","Great Egret",26.0042233612867,-80.5967545741417
"Jerrod","2020",2,"yes","129749","Great Egret",26.0027189046074,-80.596828298565
"Jerrod","2020",3,"no","","Great Egret",26.0034270055353,-80.5969113425006
"Jerrod","2020",4,"no","","Wood Stork",26.0042495787497,-80.5968006319002
"Jerrod","2020",5,"yes","129644","Great Egret",26.0040689402213,-80.5971044233576
"Jerrod","2020",6,"yes","129651","Great Egret",26.0042528797386,-80.5969779577739
"Jerrod","2020",7,"yes","129742","Great Egret",26.003101617779,-80.5967499683941
"Jerrod","2020",8,"no","","Great Egret",26.0035948730371,-80.5969253405547
"Jerrod","2020",9,"no","","Great Egret",26.0039854747876,-80.5968591008246
"Jerrod","2020",10,"no","","Great Egret",26.0031581563109,-80.5969264164682
"Jerrod","2020",11,"no","","Great Egret",26.0034645519842,-80.5969442282824
"Jerrod","2020",12,"yes","129727","Great Egret",26.0032707105796,-80.5968565476846
"Jerrod","2020",13,"no","","Great Egret",26.0038401792095,-80.5969495430508
"Jerrod","2020",14,"no","","Great Egret",26.0039480469043,-80.5968009604904
"Jerrod","2020",15,"no","","Great Egret",26.0042540238782,-80.5969802917037
"Jerrod","2020",16,"no","","Great Egret",26.0033742277132,-80.5970031616617
"Jerrod","2020",17,"yes","129748","Great Egret",26.0027468438517,-80.5968287433307
"Jerrod","2020",18,"no","","Great Egret",26.0028826399389,-80.5969270583216
"Jerrod","2020",19,"yes","129656","Great Egret",26.003841008138,-80.5969500949758
"Jerrod","2020",20,"yes","129655","Great Egret",26.0038000752072,-80.5970352487369
"Jerrod","2020",21,"yes","129722","Great Egret",26.0033631648627,-80.5967839494029
"Jerrod","2020",22,"yes","129659","Great Egret",26.0036056813136,-80.596928799418
"Jerrod","2020",23,"no","","Great Egret",26.0040685006145,-80.5971050497534
"Jerrod","2020",24,"yes","129661","Great Egret",26.0035947259344,-80.5969246541294
"Jerrod","2020",25,"no","","Wood Stork",26.0042421415706,-80.5968157087057
"Jerrod","2020",26,"yes","129743","Great Egret",26.0030130693065,-80.5967755133803
"Jerrod","2020",27,"yes","129703","Great Blue Heron",26.0037458803334,-80.596774646919
"Jerrod","2020",28,"no","","Great Egret",26.0044544854957,-80.596742480889
"Jerrod","2020",29,"yes","129696","Great Egret",26.0039503342919,-80.5968006985014
"Jerrod","2020",30,"yes","129671","Great Egret",26.0028824958514,-80.5969253045129
"Jerrod","2020",31,"yes","129670","Great Egret",26.0031523588184,-80.5969203799177
"Jerrod","2020",32,"yes","129658","Great Blue Heron",26.0037498243012,-80.5970585710523
"Jerrod","2020",33,"yes","129647","Great Egret",26.0044967134164,-80.596926839641
"Jerrod","2020",34,"no","","Wood Stork",26.004235538525,-80.5967714784217
"Jerrod","2020",35,"yes","129728","Great Egret",26.0033645327222,-80.5968151496933
"Jerrod","2020",36,"no","","White Ibis",26.0028886863448,-80.5969208447282
"Jerrod","2020",37,"no","","Wood Stork",26.0042393903586,-80.5967822685845
"Jerrod","2020",38,"no","","Great Egret",26.0045070950304,-80.5969006744237
"Jerrod","2020",39,"yes","129681","Great Egret",26.0044557127847,-80.5967396958031
"Jerrod","2020",40,"no","","Great Egret",26.0037188086068,-80.596773638004
"Jerrod","2020",41,"no","","Great Egret",26.0045668894024,-80.5967841724996
"Jerrod","2020",42,"no","","Great Egret",26.0036062490596,-80.5969299612553
"Jerrod","2020",43,"yes","129689","Great Blue Heron",26.0042802032833,-80.5967627390254
"Jerrod","2020",44,"yes","129741","Great Egret",26.0031071584567,-80.596752357599
"Jerrod","2020",45,"yes","129698","Great Egret",26.0037184894647,-80.5967731522648
"Jerrod","2020",46,"no","","Great Egret",26.0038002376615,-80.5970360986484
"Jerrod","2020",47,"yes","129654","Great Blue Heron",26.0040007018827,-80.5969157676362
"Jerrod","2020",48,"yes","129725","Great Egret",26.0033473240673,-80.5968727069958
"Jerrod","2020",49,"no","","Great Egret",26.0035637190514,-80.5970228434092
"Jerrod","2020",50,"no","","Great Egret",26.0044606355489,-80.5967984858395
"Jerrod","2021",1,"yes","401347","Great Egret",26.0043733252884,-80.5966885328306
"Jerrod","2021",2,"no","","White Ibis",26.0043201050994,-80.5968016300654
"Jerrod","2021",3,"yes","401376","Great Egret",26.0034136301325,-80.5966977601616
"Jerrod","2021",4,"yes","401308","Great Egret",26.0034038063666,-80.5968317569028
"Jerrod","2021",5,"yes","401461","Great Blue Heron",26.0029085947652,-80.5965650171081
"Jerrod","2021",6,"yes","401331","Great Egret",26.0027283374576,-80.5968257122062
"Jerrod","2021",7,"no","","Great Egret",26.0044732032694,-80.5968742692328
"Jerrod","2021",8,"no","","Great Egret",26.0034589852719,-80.5967823859041
"Jerrod","2021",9,"yes","401276","Great Blue Heron",26.0032152839585,-80.5969286451756
"Jerrod","2021",10,"yes","401296","Great Blue Heron",26.0040330699398,-80.5968546659026
"Jerrod","2021",11,"yes","401452","Great Egret",26.0032278118443,-80.596619979227
"Jerrod","2021",12,"yes","401262","Great Blue Heron",26.0045796646816,-80.5969366915059
"Jerrod","2021",13,"no","","White Ibis",26.0048542500378,-80.5973235929721
"Jerrod","2021",14,"no","","Great Blue Heron",26.0045800621952,-80.5969386962835
"Jerrod","2021",15,"yes","401321","Great Blue Heron",26.0031210257973,-80.5968964114512
"Jerrod","2021",16,"no","","Great Blue Heron",26.0032871713367,-80.5968685422749
"Jerrod","2021",17,"yes","401457","Great Egret",26.0031189205139,-80.5965936450297
"Jerrod","2021",18,"yes","401295","Great Blue Heron",26.0040598237755,-80.5969019011476
"Jerrod","2021",19,"no","","Great Egret",26.0032269004349,-80.5969613947002
"Jerrod","2021",20,"yes","401278","Great Egret",26.0029810597021,-80.5969783914536
"Jerrod","2021",21,"yes","401326","Great Egret",26.0028245810635,-80.5968354586044
"Jerrod","2021",22,"no","","Great Blue Heron",26.0048289105549,-80.5968962555695
"Jerrod","2021",23,"yes","401486","Great Egret",26.0024953561246,-80.5965586874507
"Jerrod","2021",24,"yes","401502","Great Egret",26.0037526025953,-80.5964081498612
"Jerrod","2021",25,"no","","Great Egret",26.0036984723845,-80.596902184878
"Jerrod","2021",26,"no","","Great Egret",26.0043247718978,-80.5968226444181
"Jerrod","2021",27,"no","","Great Egret",26.0044236993892,-80.5967761469863
"Jerrod","2021",28,"no","","Great Egret",26.004364411724,-80.5968909073832
"Jerrod","2021",29,"no","","Great Blue Heron",26.0040602535764,-80.5969021829459
"Jerrod","2021",30,"no","","Great Egret",26.003402536151,-80.5968182724093
"Jerrod","2021",31,"yes","401429","Great Blue Heron",26.0037335089896,-80.5966289150568
"Jerrod","2021",32,"no","","Great Egret",26.0035523916335,-80.5968642289034
"Jerrod","2021",33,"no","","Great Egret",26.0029817268982,-80.5969798775691
"Jerrod","2021",34,"no","","Great Blue Heron",26.0040607575859,-80.5969056331183
"Jerrod","2021",35,"yes","401324","Great Egret",26.0029366601927,-80.5968145306899
"Jerrod","2021",36,"no","","Great Egret",26.0031902138324,-80.5968290186322
"Jerrod","2021",37,"no","","Great Egret",26.0035235859568,-80.5967967320168
"Jerrod","2021",38,"yes","401342","Great Egret",26.0044104958362,-80.5966652062829
"Jerrod","2021",39,"yes","401344","Great Egret",26.0044503442747,-80.5966773641652
"Jerrod","2021",40,"no","","Great Egret",26.0045069624013,-80.5969333180503
"Jerrod","2021",41,"no","","Great Egret",26.004370617187,-80.5968842859642
"Jerrod","2021",42,"no","","Great Egret",26.0043715526626,-80.5968572709311
"Jerrod","2021",43,"yes","401268","Great Egret",26.0036802578584,-80.596993570776
"Jerrod","2021",44,"no","","Great Egret",26.0032883595102,-80.5968077759595
"Jerrod","2021",45,"no","","Great Egret",26.0043455016953,-80.5968053755187
"Jerrod","2021",46,"no","","Great Egret",26.0044837346242,-80.5969381603618
"Jerrod","2021",47,"yes","401477","Great Egret",26.0025927863301,-80.5964994479369
"Jerrod","2021",48,"yes","401400","Great Egret",26.002725290723,-80.5966919669118
"Jerrod","2021",49,"yes","401405","Great Egret",26.0026077306658,-80.596761011749
"Jerrod","2021",50,"yes","401381","Great Egret",26.0033287943636,-80.5967401334035
"Jerrod","2022",1,"yes","227611","Great Egret",26.0044723394148,-80.5965776650798
"Jerrod","2022",2,"no","","Great Egret",26.0028486474407,-80.5968980564799
"Jerrod","2022",3,"yes","227603","Great Egret",26.0028254676748,-80.5968424021131
"Jerrod","2022",4,"no","","Great Egret",26.0025564336373,-80.5967717217118
"Jerrod","2022",5,"no","","Great Blue Heron",26.0047592511945,-80.5966902914326
"Jerrod","2022",6,"yes","227622","Great Egret",26.00324712073,-80.5966751450154
"Jerrod","2022",7,"no","","Great Blue Heron",26.0043212805815,-80.5967360831365
"Jerrod","2022",8,"yes","227600","Great Egret",26.0030024320927,-80.5967425136635
"Jerrod","2022",9,"yes","227606","Great Egret",26.0025577905858,-80.5967735098112
"Jerrod","2022",10,"no","","Great Egret",26.004472575361,-80.5965785495574
"Jerrod","2022",11,"yes","227583","Great Egret",26.0032368058705,-80.5968718629684
"Jerrod","2022",12,"no","","Great Egret",26.0033126526564,-80.596681546078
"Jerrod","2022",13,"no","","Great Egret",26.0036969938048,-80.5966974955306
"Jerrod","2022",14,"no","","Great Egret",26.0028241786998,-80.5968418561969
"Jerrod","2022",15,"yes","227605","Great Egret",26.0025826559795,-80.5968244239019
"Jerrod","2022",16,"no","","Great Egret",26.002848578568,-80.5967918738611
"Jerrod","2022",17,"no","","Great Egret",26.0025827650228,-80.596824247235
"Jerrod","2022",18,"no","","Great Egret",26.0030855589252,-80.596826640893
"Jerrod","2022",19,"no","","Great Egret",26.0030012229168,-80.5967422552266
"Jerrod","2022",20,"yes","227610","Great Blue Heron",26.0047583067094,-80.5966899307096
"Jerrod","2022",21,"yes","227584","Great Egret",26.003245631115,-80.5968594009749
"Jerrod","2022",22,"no","","Great Egret",26.0032476479484,-80.596858644318
"Jerrod","2022",23,"yes","227589","Great Egret",26.0046288934321,-80.5968001613817
"Jerrod","2022",24,"yes","227612","Great Egret",26.0043323104368,-80.5966421478279
"Jerrod","2022",25,"yes","227594","Great Egret",26.0040062559298,-80.5968114656134
"Jerrod","2022",26,"no","","Roseate Spoonbill",26.0048251665014,-80.5968185355434
"Jerrod","2022",27,"no","","Great Blue Heron",26.0031864723532,-80.5969127083375
"Jerrod","2022",28,"yes","227598","Great Egret",26.0030851125887,-80.5968268225944
"Jerrod","2022",29,"no","","Great Egret",26.003666534286,-80.5967233062258
"Jerrod","2022",30,"yes","227621","Great Egret",26.0033125918629,-80.5966823583108
"Jerrod","2022",31,"yes","227620","Great Egret",26.0033945552573,-80.5965818730153
"Jerrod","2022",32,"no","","Great Blue Heron",26.0030986137199,-80.5968491233448
"Jerrod","2022",33,"yes","227585","Great Blue Heron",26.0031853042111,-80.5969102185412
"Jerrod","2022",34,"yes","227616","Great Egret",26.0036957229469,-80.5967051421057
"Jerrod","2022",35,"no","","Roseate Spoonbill",26.0046294215806,-80.5968000505734
"Jerrod","2022",36,"yes","227618","Great Blue Heron",26.0037274392372,-80.5965879869439
"Jerrod","2022",37,"yes","227586","Great Egret",26.0028499658565,-80.5968977036054
"Jerrod","2022",38,"yes","227623","Great Egret",26.0033018832991,-80.5966893780878
"Jerrod","2022",39,"no","","Great Egret",26.0043340918621,-80.5966422953369
"Jerrod","2022",40,"no","","Great Egret",26.0034034208293,-80.5965850646222
"Jerrod","2022",41,"no","","Great Egret",26.0032364557176,-80.5968709647708
"Jerrod","2022",42,"no","","White Ibis",26.0035713155206,-80.5974793519148
"Jerrod","2022",43,"no","","Great Egret",26.0032463787968,-80.5966754328996
"Jerrod","2022",44,"yes","227582","Great Egret",26.0033328571964,-80.5968606552297
"Jerrod","2022",45,"yes","227599","Great Blue Heron",26.0030977439525,-80.5968498396035
"Jerrod","2022",46,"no","","Great Egret",26.003331886709,-80.5968612171564
"Jerrod","2022",47,"yes","227619","Great Egret",26.0034046709042,-80.596585108947
"Jerrod","2022",48,"no","","Great Egret",26.0036970942596,-80.5967037469715
"Jerrod","2022",49,"yes","227602","Great Egret",26.0028492529217,-80.5967924589627
"Jerrod","2022",50,"yes","227595","Great Egret",26.0036667668972,-80.5967236176002
"JetportSouth","2020",1,"yes","12899","Great Egret",25.8043250618226,-80.8492197602098
"JetportSouth","2020",2,"yes","12881","Great Egret",25.8045361288472,-80.8492571553528
"JetportSouth","2020",3,"no","","White Ibis",25.8023694450334,-80.8495112421041
"JetportSouth","2020",4,"no","","Great Egret",25.8029921754293,-80.8500372904627
"JetportSouth","2020",5,"yes","12827","Great Egret",25.8051286282976,-80.849205072648
"JetportSouth","2020",6,"yes","12879","Wood Stork",25.8044949337934,-80.8492437014411
"JetportSouth","2020",7,"yes","12753","Wood Stork",25.8042456471652,-80.8493679532991
"JetportSouth","2020",8,"yes","12896","Great Egret",25.8043094601933,-80.8492665877669
"JetportSouth","2020",9,"yes","12837","Great Egret",25.8050416969466,-80.8492093184995
"JetportSouth","2020",10,"yes","12877","Great Egret",25.8045433062233,-80.8492494655994
"JetportSouth","2020",11,"yes","12686","Wood Stork",25.8042343073076,-80.8495051200462
"JetportSouth","2020",12,"no","","Great Egret",25.8042438126397,-80.8494886994572
"JetportSouth","2020",13,"yes","12751","Wood Stork",25.8042441030075,-80.8493779392308
"JetportSouth","2020",14,"yes","12845","Great Egret",25.804872784794,-80.8492149305439
"JetportSouth","2020",15,"no","","White Ibis",25.8044965635464,-80.8500661697891
"JetportSouth","2020",16,"yes","12747","Wood Stork",25.8042523663009,-80.849378523109
"JetportSouth","2020",17,"yes","12682","Wood Stork",25.8042261645064,-80.8495087627089
"JetportSouth","2020",18,"no","","Great Egret",25.8043439246194,-80.8494685439984
"JetportSouth","2020",19,"yes","12864","Great Egret",25.8046339610809,-80.8492900969341
"JetportSouth","2020",20,"no","","Wood Stork",25.8042257010743,-80.8494941973768
"JetportSouth","2020",21,"no","","Wood Stork",25.8042174289145,-80.8495049213558
"JetportSouth","2020",22,"no","","White Ibis",25.8034015546569,-80.8505304766264
"JetportSouth","2020",23,"no","","White Ibis",25.8036350343292,-80.8503041530745
"JetportSouth","2020",24,"yes","12894","Great Egret",25.8042976206768,-80.8492871561108
"JetportSouth","2020",25,"no","","Wood Stork",25.8042296819894,-80.8494892890912
"JetportSouth","2020",26,"yes","12762","Wood Stork",25.8042296420632,-80.8493869654291
"JetportSouth","2020",27,"no","","White Ibis",25.8040379111069,-80.8504863618393
"JetportSouth","2020",28,"yes","12695","Wood Stork",25.8042354435447,-80.8495109793373
"JetportSouth","2020",29,"no","","White Ibis",25.8053569607329,-80.8494879064415
"JetportSouth","2020",30,"no","","Wood Stork",25.8042264745529,-80.8495089965793
"JetportSouth","2020",31,"no","","Wood Stork",25.8042263253559,-80.8494994946459
"JetportSouth","2020",32,"no","","White Ibis",25.8045027308486,-80.8497395356674
"JetportSouth","2020",33,"yes","12824","Great Egret",25.8051240320935,-80.8492084299536
"JetportSouth","2020",34,"no","","White Ibis",25.8042995836041,-80.8496818309973
"JetportSouth","2020",35,"no","","White Ibis",25.8042755062785,-80.8503743219511
"JetportSouth","2020",36,"no","","White Ibis",25.8054616383967,-80.8493763080585
"JetportSouth","2020",37,"yes","12888","Great Egret",25.8043958964718,-80.8492639758612
"JetportSouth","2020",38,"yes","12691","Wood Stork",25.8042358349326,-80.8494949439017
"JetportSouth","2020",39,"no","","White Ibis",25.8040409491568,-80.8502598326075
"JetportSouth","2020",40,"yes","12900","Wood Stork",25.8042504188753,-80.8492298062749
"JetportSouth","2020",41,"yes","12764","Wood Stork",25.8042364142291,-80.8493987983335
"JetportSouth","2020",42,"no","","Wood Stork",25.8042332349303,-80.8495042222468
"JetportSouth","2020",43,"yes","12889","Great Egret",25.8044064297248,-80.8492736395951
"JetportSouth","2020",44,"yes","12872","Wood Stork",25.8044920818314,-80.8492515556571
"JetportSouth","2020",45,"no","","Great Egret",25.8041018912736,-80.8505046175019
"JetportSouth","2020",46,"no","","White Ibis",25.804507145843,-80.8500518762379
"JetportSouth","2020",47,"no","","Great Egret",25.8041291333231,-80.8495528030815
"JetportSouth","2020",48,"no","","Roseate Spoonbill",25.8043087797332,-80.8495065873992
"JetportSouth","2020",49,"yes","12859","Great Egret",25.8047711619119,-80.8492021951676
"JetportSouth","2020",50,"no","","Wood Stork",25.8042222280151,-80.8494996154965
"JetportSouth","2021",1,"yes","236686","Great Egret",25.8044734898393,-80.8493908783992
"JetportSouth","2021",2,"no","","White Ibis",25.8030950427439,-80.8498579317727
"JetportSouth","2021",3,"yes","236706","Wood Stork",25.8042363771957,-80.8493875324272
"JetportSouth","2021",4,"no","","White Ibis",25.8032494928565,-80.8498649055345
"JetportSouth","2021",5,"no","","Great Egret",25.8045214751103,-80.8493573609816
"JetportSouth","2021",6,"yes","236703","Wood Stork",25.8042446544822,-80.849370620361
"JetportSouth","2021",7,"yes","236656","Wood Stork",25.8042340444852,-80.8495129071347
"JetportSouth","2021",8,"no","","Great Egret",25.8044739028807,-80.8493926046494
"JetportSouth","2021",9,"yes","236688","Great Egret",25.8044273846679,-80.8493843942479
"JetportSouth","2021",10,"no","","Great Egret",25.804486011407,-80.8494006924121
"JetportSouth","2021",11,"yes","236704","Great Egret",25.8042820752277,-80.8493623212321
"JetportSouth","2021",12,"yes","236705","Wood Stork",25.8042508828758,-80.8493687604472
"JetportSouth","2021",13,"no","","White Ibis",25.8023374847831,-80.8496155742936
"JetportSouth","2021",14,"yes","236702","Great Egret",25.8042815762054,-80.8494088438104
"JetportSouth","2021",15,"yes","236735","Great Egret",25.8050401329032,-80.8492093720553
"JetportSouth","2021",16,"no","","Great Egret",25.8044856122534,-80.8493641381402
"JetportSouth","2021",17,"yes","236661","Wood Stork",25.8042357232423,-80.8495030597927
"JetportSouth","2021",18,"no","","White Ibis",25.8030973250105,-80.8498639540341
"JetportSouth","2021",19,"no","","Wood Stork",25.8042947076363,-80.8494635593517
"JetportSouth","2021",20,"yes","236718","Great Egret",25.804079456286,-80.8493936072448
"JetportSouth","2021",21,"yes","236716","Great Egret",25.8040770831874,-80.849443234361
"JetportSouth","2021",22,"yes","236707","Wood Stork",25.8042458075049,-80.8493965752549
"JetportSouth","2021",23,"no","","Great Egret",25.8044468087753,-80.8493909398078
"JetportSouth","2021",24,"no","","White Ibis",25.8030214487597,-80.8495283748577
"JetportSouth","2021",25,"yes","236658","Great Egret",25.8042232106888,-80.8494822153784
"JetportSouth","2021",26,"yes","236660","Wood Stork",25.8042319810509,-80.8495011118503
"JetportSouth","2021",27,"no","","White Ibis",25.803070764138,-80.849580784723
"JetportSouth","2021",28,"no","","Wood Stork",25.804244265512,-80.8493720725501
"JetportSouth","2021",29,"no","","Great Egret",25.8042806622145,-80.8494107438417
"JetportSouth","2021",30,"yes","236689","Great Egret",25.8044464392329,-80.8493890470573
"JetportSouth","2021",31,"yes","236690","Great Egret",25.8044854341389,-80.8493634380774
"JetportSouth","2021",32,"yes","236697","White Ibis",25.8042900212903,-80.8494548327067
"JetportSouth","2021",33,"no","","White Ibis",25.8030718353708,-80.8495740578145
"JetportSouth","2021",34,"no","","Great Egret",25.804223670849,-80.8494820801191
"JetportSouth","2021",35,"no","","Great Egret",25.8044276597895,-80.8493847673642
"JetportSouth","2021",36,"no","","Great Egret",25.803978452038,-80.8506059296956
"JetportSouth","2021",37,"yes","236687","Great Egret",25.8045211610769,-80.8493563968874
"JetportSouth","2021",38,"no","","Great Blue Heron",25.8039964027954,-80.8498039166989
"JetportSouth","2021",39,"yes","236736","Great Egret",25.805049557829,-80.8492050941315
"JetportSouth","2021",40,"no","","Wood Stork",25.8042345367336,-80.849513477249
"JetportSouth","2021",41,"no","","White Ibis",25.8030734875348,-80.8496429076641
"JetportSouth","2021",42,"yes","236737","Great Egret",25.8049357129349,-80.84925060244
"JetportSouth","2021",43,"no","","Great Egret",25.8045815289082,-80.8493968696931
"JetportSouth","2021",44,"no","","Wood Stork",25.8042416331639,-80.8495098687561
"JetportSouth","2021",45,"no","","Great Egret",25.8026614521031,-80.8496768817522
"JetportSouth","2021",46,"yes","236734","Great Egret",25.8050670928771,-80.8492162337035
"JetportSouth","2021",47,"yes","236691","Great Egret",25.804484325856,-80.8493994871428
"JetportSouth","2021",48,"no","","Great Egret",25.8043146109585,-80.8493415357725
"JetportSouth","2021",49,"yes","236657","Wood Stork",25.8042417218886,-80.8495107275281
"JetportSouth","2021",50,"yes","236693","Great Egret",25.8042949485941,-80.8494628861911
"JetportSouth","2022",1,"yes","142807","White Ibis",25.8018570914417,-80.8481296073439
"JetportSouth","2022",2,"yes","142760","White Ibis",25.8030952111037,-80.8481416845909
"JetportSouth","2022",3,"no","","White Ibis",25.8044317713509,-80.8503646173335
"JetportSouth","2022",4,"no","","White Ibis",25.8017559416593,-80.8496433963804
"JetportSouth","2022",5,"no","","White Ibis",25.8017582277039,-80.8496385847999
"JetportSouth","2022",6,"no","","White Ibis",25.8030880019533,-80.8496192189478
"JetportSouth","2022",7,"yes","142844","White Ibis",25.8030522976067,-80.8480629174027
"JetportSouth","2022",8,"no","","White Ibis",25.8036037357655,-80.8493483205402
"JetportSouth","2022",9,"no","","White Ibis",25.8045985112452,-80.8496032144012
"JetportSouth","2022",10,"yes","142275","White Ibis",25.8038516989605,-80.8504890273983
"JetportSouth","2022",11,"no","","White Ibis",25.8040063621181,-80.8504841141563
"JetportSouth","2022",12,"no","","Roseate Spoonbill",25.8046271414675,-80.8491716359801
"JetportSouth","2022",13,"yes","142296","White Ibis",25.804216846118,-80.8503685389842
"JetportSouth","2022",14,"no","","White Ibis",25.8018905248988,-80.8495285514286
"JetportSouth","2022",15,"yes","143023","White Ibis",25.8035418204969,-80.8473637298761
"JetportSouth","2022",16,"no","","Roseate Spoonbill",25.8043396105753,-80.849479694173
"JetportSouth","2022",17,"yes","142697","White Ibis",25.8044338275886,-80.8482795957781
"JetportSouth","2022",18,"no","","Great Egret",25.8042163700239,-80.8506571230451
"JetportSouth","2022",19,"yes","142657","White Ibis",25.8047660164881,-80.848485680043
"JetportSouth","2022",20,"no","","White Ibis",25.8039866576187,-80.8505897253023
"JetportSouth","2022",21,"no","","White Ibis",25.8044846001501,-80.8503165334683
"JetportSouth","2022",22,"yes","142274","Great Egret",25.8039863192933,-80.8505887052649
"JetportSouth","2022",23,"yes","143077","White Ibis",25.8022433133683,-80.8472180597336
"JetportSouth","2022",24,"yes","142856","White Ibis",25.8027253496283,-80.8480466662669
"JetportSouth","2022",25,"no","","White Ibis",25.8057087997549,-80.8493116349656
"JetportSouth","2022",26,"no","","Great Blue Heron",25.8019785539825,-80.8492658406029
"JetportSouth","2022",27,"yes","142938","White Ibis",25.8044790973659,-80.847734143048
"JetportSouth","2022",28,"yes","142851","White Ibis",25.803030936129,-80.848064235624
"JetportSouth","2022",29,"yes","142428","Roseate Spoonbill",25.8044477239271,-80.8492647037799
"JetportSouth","2022",30,"yes","142999","Great Egret",25.8035579498379,-80.8475162877777
"JetportSouth","2022",31,"yes","142848","White Ibis",25.8030129775106,-80.8480753411757
"JetportSouth","2022",32,"no","","Great Egret",25.8051864702419,-80.8496013529329
"JetportSouth","2022",33,"yes","142944","White Ibis",25.8032214660527,-80.8478345410581
"JetportSouth","2022",34,"yes","142758","White Ibis",25.8033330942449,-80.8481318059757
"JetportSouth","2022",35,"yes","143026","White Ibis",25.8033552835174,-80.8474189446345
"JetportSouth","2022",36,"no","","Roseate Spoonbill",25.8045645296258,-80.8501655928304
"JetportSouth","2022",37,"no","","Roseate Spoonbill",25.8046235426696,-80.8491756301902
"JetportSouth","2022",38,"yes","142873","White Ibis",25.8021644939274,-80.8480651198881
"JetportSouth","2022",39,"yes","142828","Roseate Spoonbill",25.8040434440336,-80.8480950469963
"JetportSouth","2022",40,"yes","142849","White Ibis",25.8030209142096,-80.8480998036514
"JetportSouth","2022",41,"yes","143022","White Ibis",25.8035859353209,-80.8473404415487
"JetportSouth","2022",42,"yes","142455","Great Egret",25.8048540803697,-80.8491318530909
"JetportSouth","2022",43,"no","","White Ibis",25.8044159691599,-80.8505914601144
"JetportSouth","2022",44,"no","","White Ibis",25.8042004721887,-80.8501844006501
"JetportSouth","2022",45,"no","","Roseate Spoonbill",25.8044480128652,-80.849263956639
"JetportSouth","2022",46,"no","","White Ibis",25.8020106664201,-80.8495726411038
"JetportSouth","2022",47,"no","","Great Egret",25.8041751007752,-80.8492106347795
"JetportSouth","2022",48,"yes","142913","White Ibis",25.8027655840503,-80.8479437754019
"JetportSouth","2022",49,"no","","White Ibis",25.8044228994859,-80.8505737289589
"JetportSouth","2022",50,"no","","White Ibis",25.8042402732924,-80.8497021427318
"Joule","2020",1,"yes","8759","Great Egret",26.0131993700642,-80.6309458081608
"Joule","2020",2,"yes","8705","Great Egret",26.0115997208556,-80.6314572760655
"Joule","2020",3,"no","","Great Egret",26.0117177494594,-80.6312599538681
"Joule","2020",4,"no","","Great Egret",26.0121887272463,-80.6313100373897
"Joule","2020",5,"yes","8756","Great Egret",26.0134192994918,-80.6308978691526
"Joule","2020",6,"no","","Great Egret",26.0126999508924,-80.6312228959472
"Joule","2020",7,"no","","Great Egret",26.0121483080957,-80.6312159174427
"Joule","2020",8,"yes","8771","Great Egret",26.0123754032921,-80.6308902923602
"Joule","2020",9,"no","","Great Egret",26.0133483584516,-80.6312500886184
"Joule","2020",10,"yes","8758","Great Egret",26.0131793627909,-80.630875545262
"Joule","2020",11,"yes","8695","Great Egret",26.01218756657,-80.6314558093534
"Joule","2020",12,"yes","8770","Great Egret",26.0123732497131,-80.6309258723439
"Joule","2020",13,"no","","Great Egret",26.0116015851085,-80.6314570631915
"Joule","2020",14,"yes","8718","Great Egret",26.0121738059874,-80.631310177962
"Joule","2020",15,"no","","Great Egret",26.0121938105045,-80.631455340855
"Joule","2020",16,"yes","8728","Great Egret",26.0128293795506,-80.6310743494135
"Joule","2020",17,"yes","8685","Great Egret",26.012951342627,-80.6314920735381
"Joule","2020",18,"yes","8713","Great Egret",26.0124298982198,-80.6312939233444
"Joule","2020",19,"yes","8725","Great Egret",26.0134104612874,-80.6310895982198
"Joule","2020",20,"yes","8743","Great Egret",26.0120900913963,-80.6311002047751
"Joule","2020",21,"no","","Great Egret",26.0118559882994,-80.6314709773897
"Joule","2020",22,"no","","Great Egret",26.0134991000852,-80.6311036401427
"Joule","2020",23,"no","","Great Egret",26.0116111200438,-80.6314414852968
"Joule","2020",24,"no","","Great Egret",26.0133493475423,-80.6312324710676
"Joule","2020",25,"yes","8763","Great Egret",26.0126379629253,-80.6309268272435
"Joule","2020",26,"no","","Great Egret",26.0118545352766,-80.6314215193188
"Joule","2020",27,"yes","8729","Great Egret",26.0127540748332,-80.630999259004
"Joule","2020",28,"yes","8708","Great Egret",26.013350745911,-80.6312304554338
"Joule","2020",29,"no","","Great Egret",26.0121875338009,-80.6314554165993
"Joule","2020",30,"yes","8768","Great Egret",26.0123243102842,-80.6308563549162
"Joule","2020",31,"no","","Great Egret",26.0127277924996,-80.6313106881678
"Joule","2020",32,"no","","Great Egret",26.0121141646852,-80.6313625860578
"Joule","2020",33,"no","","Great Egret",26.0134724025167,-80.6311177503105
"Joule","2020",34,"yes","8738","Great Egret",26.0121842742049,-80.6310859212073
"Joule","2020",35,"yes","8734","Great Egret",26.0123656858199,-80.6310192336898
"Joule","2020",36,"no","","Great Egret",26.0129504136814,-80.6314898569067
"Joule","2020",37,"no","","Great Egret",26.0134641045356,-80.6311142842676
"Joule","2020",38,"no","","Great Egret",26.0124275980779,-80.6314761921639
"Joule","2020",39,"no","","Great Egret",26.0124306694081,-80.6312944007765
"Joule","2020",40,"no","","Great Egret",26.0127135455839,-80.631251037087
"Joule","2020",41,"yes","8749","Great Egret",26.012021240858,-80.631129836305
"Joule","2020",42,"no","","Great Egret",26.0118720483648,-80.6313595496011
"Joule","2020",43,"no","","Great Egret",26.0119727890527,-80.6313612780979
"Joule","2020",44,"yes","8733","Great Egret",26.0122496395083,-80.6310549538475
"Joule","2020",45,"no","","White Ibis",26.0121738976561,-80.6313118275554
"Joule","2020",46,"yes","8724","Great Egret",26.0134649748821,-80.6311135346754
"Joule","2020",47,"yes","8710","Great Egret",26.0127141312614,-80.6312506569756
"Joule","2020",48,"yes","8755","Great Egret",26.0135225362552,-80.6309859647848
"Joule","2020",49,"no","","Great Egret",26.0125223027808,-80.6311651106087
"Joule","2020",50,"yes","8760","Great Egret",26.0129740442704,-80.6309650445026
"Joule","2021",1,"no","","Great Egret",26.0128312353522,-80.6315956435915
"Joule","2021",2,"no","","Roseate Spoonbill",26.0120113454284,-80.6314532938182
"Joule","2021",3,"yes","373014","Great Egret",26.0116785425136,-80.6313179129631
"Joule","2021",4,"no","","White Ibis",26.0131262151301,-80.6327306602666
"Joule","2021",5,"yes","373002","Great Egret",26.0118723365205,-80.6314542824494
"Joule","2021",6,"yes","372990","Great Egret",26.0129058643935,-80.6314387807025
"Joule","2021",7,"no","","Great Egret",26.0126087215668,-80.6315693722834
"Joule","2021",8,"no","","Great Egret",26.0118719773307,-80.6314562816957
"Joule","2021",9,"yes","372983","Great Egret",26.01246922018,-80.6315657280902
"Joule","2021",10,"yes","373004","Great Egret",26.0117445477059,-80.6314825406038
"Joule","2021",11,"no","","Great Egret",26.012466301953,-80.6315195896658
"Joule","2021",12,"no","","Great Egret",26.0129423396524,-80.6315847337601
"Joule","2021",13,"yes","373013","Great Egret",26.0117412158342,-80.6314055281136
"Joule","2021",14,"no","","Great Egret",26.0119771708346,-80.631558142593
"Joule","2021",15,"no","","Great Egret",26.0120921926077,-80.6316413113774
"Joule","2021",16,"yes","373012","Great Egret",26.0118538778577,-80.6314164870016
"Joule","2021",17,"yes","373008","Great Egret",26.0124183443366,-80.6313505167313
"Joule","2021",18,"no","","Great Egret",26.0117165119719,-80.6315045231188
"Joule","2021",19,"yes","373009","Great Egret",26.0121048558496,-80.6313096451293
"Joule","2021",20,"yes","372989","Great Egret",26.0130158741613,-80.6314746184893
"Joule","2021",21,"no","","White Ibis",26.0131298781185,-80.6327364849008
"Joule","2021",22,"yes","372993","Great Egret",26.0123366400677,-80.6314634860391
"Joule","2021",23,"no","","Great Egret",26.0123362222619,-80.6314647112559
"Joule","2021",24,"yes","372996","Great Egret",26.0122112288465,-80.6314941792297
"Joule","2021",25,"yes","372982","Great Egret",26.0126095003541,-80.6315690770609
"Joule","2021",26,"yes","373001","Roseate Spoonbill",26.0120109691978,-80.6314513163364
"Joule","2021",27,"no","","Great Egret",26.0123330840351,-80.6314642817996
"Joule","2021",28,"yes","372992","Great Egret",26.0124771479126,-80.6314592460189
"Joule","2021",29,"no","","White Ibis",26.0103259172003,-80.6326940729827
"Joule","2021",30,"yes","373015","Great Egret",26.0116724505232,-80.6313964088725
"Joule","2021",31,"yes","373011","Great Egret",26.0120946789533,-80.6313641611619
"Joule","2021",32,"yes","372991","Great Egret",26.0124672907309,-80.6315185554679
"Joule","2021",33,"no","","Roseate Spoonbill",26.009869455565,-80.6326569356162
"Joule","2021",34,"no","","Great Egret",26.0117430058161,-80.631484301222
"Joule","2021",35,"no","","Great Egret",26.012417332953,-80.6313513650661
"Joule","2021",36,"yes","372997","Great Egret",26.0121751904697,-80.6314970162944
"Joule","2021",37,"yes","373007","Great Egret",26.0129869189719,-80.6313110098654
"Joule","2021",38,"yes","372979","Great Egret",26.0128321587207,-80.6315935870943
"Joule","2021",39,"no","","Great Egret",26.0124675500037,-80.6315667506764
"Joule","2021",40,"no","","Great Egret",26.0130140423089,-80.6314763229868
"Joule","2021",41,"no","","Great Egret",26.0121050822379,-80.6313102208098
"Joule","2021",42,"yes","373000","Great Egret",26.0119775626174,-80.6315555427967
"Joule","2021",43,"yes","373010","Great Egret",26.0120928713813,-80.6313638354282
"Joule","2021",44,"no","","Great Egret",26.0129047183794,-80.6314393994483
"Joule","2021",45,"no","","Great Egret",26.0121743126266,-80.6314984050365
"Joule","2021",46,"no","","Great Egret",26.012284346639,-80.6316530864835
"Joule","2021",47,"yes","372985","Great Egret",26.0122852085253,-80.6316510272382
"Joule","2021",48,"yes","372978","Great Egret",26.0129427381638,-80.6315824334997
"Joule","2021",49,"no","","Great Egret",26.0124762948467,-80.6314609098274
"Joule","2021",50,"no","","Great Egret",26.0129858355244,-80.6313118631086
"Joule","2022",1,"no","","Great Blue Heron",26.0122286724409,-80.6317030208961
"Joule","2022",2,"no","","White Ibis",26.0127413636801,-80.6316038613527
"Joule","2022",3,"yes","152502","Great Egret",26.0130035200345,-80.6307557389837
"Joule","2022",4,"yes","152411","Great Egret",26.0126912620526,-80.6312336026107
"Joule","2022",5,"yes","152504","Great Egret",26.0126405652077,-80.6307574152372
"Joule","2022",6,"no","","White Ibis",26.0118902218476,-80.6314254378246
"Joule","2022",7,"no","","Great Egret",26.0118908560278,-80.6315617516301
"Joule","2022",8,"no","","Great Egret",26.0123355901707,-80.6314996023464
"Joule","2022",9,"no","","Great Egret",26.0120216228278,-80.6315625624361
"Joule","2022",10,"yes","152449","Great Egret",26.012989554038,-80.6310523074001
"Joule","2022",11,"no","","Great Egret",26.0118425826372,-80.6315717962374
"Joule","2022",12,"yes","152412","Great Egret",26.0127095371379,-80.6312286869789
"Joule","2022",13,"yes","152446","Great Egret",26.0133130210329,-80.6311175658887
"Joule","2022",14,"no","","Great Egret",26.0121031928274,-80.6316597431138
"Joule","2022",15,"yes","152415","Great Egret",26.012480584381,-80.6311671386654
"Joule","2022",16,"no","","Great Egret",26.012199510131,-80.631490525107
"Joule","2022",17,"yes","152343","Great Egret",26.0129479353216,-80.6316965323507
"Joule","2022",18,"yes","152444","Great Egret",26.0135070902818,-80.6311021028762
"Joule","2022",19,"yes","152381","Great Egret",26.0128863635768,-80.6313935382716
"Joule","2022",20,"yes","152445","Great Egret",26.0134332254248,-80.6311394392151
"Joule","2022",21,"no","","Great Egret",26.0125057091945,-80.6317094060775
"Joule","2022",22,"yes","152468","Great Egret",26.0139008818947,-80.6309185383261
"Joule","2022",23,"no","","Great Egret",26.0122659053937,-80.6316502659574
"Joule","2022",24,"no","","Great Egret",26.0129464126722,-80.6316953515784
"Joule","2022",25,"no","","Great Egret",26.0123743878739,-80.6315383754486
"Joule","2022",26,"yes","152479","Great Egret",26.0126815972903,-80.6309323705963
"Joule","2022",27,"yes","152525","Great Egret",26.0130212191346,-80.6307330910705
"Joule","2022",28,"yes","152476","Great Egret",26.0130874279183,-80.6308874294575
"Joule","2022",29,"yes","152503","Great Egret",26.0125788606906,-80.6308413625991
"Joule","2022",30,"no","","Great Egret",26.0122678219043,-80.6317138376474
"Joule","2022",31,"no","","Great Egret",26.0118364810765,-80.6314347579275
"Joule","2022",32,"no","","Great Egret",26.0124806581146,-80.6314900532735
"Joule","2022",33,"yes","152447","Great Egret",26.0132403348604,-80.6310540580929
"Joule","2022",34,"no","","Great Egret",26.0121835601007,-80.6316175903276
"Joule","2022",35,"yes","152390","Great Egret",26.0122370795698,-80.6313188913346
"Joule","2022",36,"yes","152409","Great Egret",26.0128791821389,-80.6311523033342
"Joule","2022",37,"no","","Great Egret",26.0119561465397,-80.6315812266218
"Joule","2022",38,"yes","152477","Great Egret",26.0130252794308,-80.6308963425374
"Joule","2022",39,"yes","152350","Great Egret",26.0126148991909,-80.6316080426091
"Joule","2022",40,"no","","Great Egret",26.0124833835356,-80.6316323949468
"Joule","2022",41,"yes","152478","Great Egret",26.0127667365965,-80.6309018653553
"Joule","2022",42,"no","","Great Egret",26.0126129616027,-80.6316097464236
"Joule","2022",43,"yes","152471","Great Egret",26.0132202683337,-80.6309029712218
"Joule","2022",44,"yes","152407","Great Egret",26.0132908829266,-80.6311727060485
"Joule","2022",45,"yes","152510","Great Egret",26.0125348830953,-80.6308202255123
"Joule","2022",46,"no","","Great Egret",26.0119061312422,-80.6314916709442
"Joule","2022",47,"no","","Great Egret",26.0118905994115,-80.6315587589658
"Joule","2022",48,"no","","Great Egret",26.0122540809703,-80.6315808640677
"Joule","2022",49,"no","","Great Egret",26.0123689057397,-80.6315739330137
"Joule","2022",50,"no","","Great Egret",26.012166590185,-80.6314995740428
"Jupiter","2022",1,"yes","154918","Great Egret",26.0153577273666,-80.5622153707217
"Jupiter","2022",2,"no","","Great Egret",26.0144326477456,-80.5630835620673
"Jupiter","2022",3,"no","","Great Egret",26.0152499677167,-80.5629426787284
"Jupiter","2022",4,"yes","154786","Great Egret",26.0154061072899,-80.5624714631611
"Nanse","2022",1,"no","","Great Egret",26.1043573905599,-80.4980060765691
"Nanse","2022",2,"yes","138415","White Ibis",26.1044545772386,-80.4970471361387
"StartMel","2020",1,"no","","Great Egret",25.9474232322985,-80.6386626259967
"StartMel","2020",2,"no","","Great Egret",25.9475029985219,-80.6387254061286
"StartMel","2020",3,"no","","Great Egret",25.9475618053272,-80.638597639963
"StartMel","2020",4,"no","","Great Egret",25.9476953330698,-80.6387980201523
"StartMel","2020",5,"no","","Great Egret",25.9485948922967,-80.6385494403119
"StartMel","2020",6,"no","","Great Egret",25.9475591462097,-80.6386238864388
"StartMel","2020",7,"yes","7129","Great Egret",25.9482736659693,-80.6386862804286
"StartMel","2020",8,"yes","7172","Great Egret",25.9477114201325,-80.6384985351622
"StartMel","2020",9,"no","","Great Egret",25.9486180682357,-80.6386061304308
"StartMel","2020",10,"no","","Great Blue Heron",25.9489354110111,-80.6385612463789
"StartMel","2020",11,"no","","Great Egret",25.947800823668,-80.6387113891378
"StartMel","2020",12,"yes","7167","Great Egret",25.9480874031754,-80.6385005394617
"StartMel","2020",13,"no","","Great Egret",25.9483383976705,-80.6386934478245
"StartMel","2020",14,"yes","7146","Great Egret",25.947502843253,-80.6387268408447
"StartMel","2020",15,"yes","7154","Great Egret",25.9485911915588,-80.6385549940695
"StartMel","2020",16,"no","","Great Egret",25.9474255045117,-80.6386931034813
"StartMel","2020",17,"yes","7134","Great Egret",25.9482118144078,-80.6386626273205
"StartMel","2020",18,"no","","Great Egret",25.9485827444271,-80.6386064279495
"StartMel","2020",19,"no","","Great Egret",25.9483528835098,-80.6384670764427
"StartMel","2020",20,"no","","Great Egret",25.9480761544289,-80.6387596245342
"StartMel","2020",21,"no","","Great Egret",25.9483317763899,-80.638610787616
"StartMel","2020",22,"no","","Great Egret",25.9478874778577,-80.6387523331372
"StartMel","2020",23,"yes","7145","Great Egret",25.9474252918077,-80.6386923960789
"StartMel","2020",24,"yes","7124","Great Egret",25.948616748131,-80.638607466983
"StartMel","2020",25,"yes","7152","Great Egret",25.9486272394536,-80.6384534555224
"StartMel","2020",26,"yes","7130","Great Egret",25.9483314457433,-80.6386100944152
"StartMel","2020",27,"yes","7173","Great Egret",25.9478012075105,-80.638472493165
"StartMel","2020",28,"no","","Great Egret",25.9480462016494,-80.6385046452151
"StartMel","2020",29,"yes","7141","Great Egret",25.9475620858795,-80.638598259293
"StartMel","2020",30,"no","","Great Egret",25.9485279045852,-80.6384785511406
"StartMel","2020",31,"yes","7151","Great Egret",25.94893485635,-80.6385610752148
"StartMel","2020",32,"no","","Great Egret",25.9488557698983,-80.6385548384483
"StartMel","2020",33,"no","","Great Egret",25.9486280086771,-80.6384533661529
"StartMel","2020",34,"yes","7138","Great Egret",25.9477928879522,-80.6387150738007
"StartMel","2020",35,"yes","7166","Great Egret",25.9480700862124,-80.638519651581
"StartMel","2020",36,"yes","7143","Great Egret",25.9474238688223,-80.6386616883323
"StartMel","2020",37,"no","","Great Egret",25.9485291635717,-80.6386252589239
"StartMel","2020",38,"no","","Great Egret",25.9481159578756,-80.6384464496494
"StartMel","2020",39,"yes","7165","Great Egret",25.9480176250795,-80.638475401901
"StartMel","2020",40,"yes","7137","Great Egret",25.9478006264658,-80.6387122294346
"StartMel","2020",41,"yes","7162","Great Egret",25.948045936037,-80.6385046148906
"StartMel","2020",42,"no","","Great Egret",25.9482735551292,-80.6386865045307
"StartMel","2020",43,"yes","7164","Great Egret",25.9479796259324,-80.6385607496469
"StartMel","2020",44,"yes","7131","Great Egret",25.9483369030355,-80.6386926728708
"StartMel","2020",45,"no","","Great Egret",25.9474154970384,-80.6386842786491
"StartMel","2020",46,"no","","Great Egret",25.9481213235072,-80.6387406506691
"StartMel","2020",47,"yes","7157","Great Egret",25.9485257723152,-80.6385796334853
"StartMel","2020",48,"yes","7171","Great Egret",25.9477642370952,-80.6385708057488
"StartMel","2020",49,"yes","7163","Great Egret",25.9480203759715,-80.6384470946134
"StartMel","2020",50,"yes","7153","Great Egret",25.9485937973975,-80.6385507869509
"StartMel","2021",1,"yes","369812","Great Egret",25.9486200283024,-80.6386444904373
"StartMel","2021",2,"no","","White Ibis",25.9474025761013,-80.6391243147065
"StartMel","2021",3,"yes","369820","Great Egret",25.9482213425027,-80.638660897125
"StartMel","2021",4,"no","","White Ibis",25.9474810046279,-80.6391576053081
"StartMel","2021",5,"yes","369821","Great Egret",25.9481384361398,-80.6386808834038
"StartMel","2021",6,"yes","369836","Great Egret",25.9474867178482,-80.6387118546006
"StartMel","2021",7,"yes","369824","Great Egret",25.9479046899401,-80.6386963905145
"StartMel","2021",8,"no","","White Ibis",25.9489442993566,-80.6390739895617
"StartMel","2021",9,"yes","369857","Great Egret",25.9487990385205,-80.6385170075344
"StartMel","2021",10,"no","","White Ibis",25.9489708470042,-80.6390223026341
"StartMel","2021",11,"yes","369823","Great Egret",25.9480030658058,-80.6386468545839
"StartMel","2021",12,"yes","369828","Great Egret",25.9478086220553,-80.6387154372556
"StartMel","2021",13,"no","","White Ibis",25.9488758258727,-80.6389473844516
"StartMel","2021",14,"no","","White Ibis",25.948940462607,-80.6390780886061
"StartMel","2021",15,"no","","White Ibis",25.9489485388672,-80.6391634705924
"StartMel","2021",16,"yes","369799","Great Egret",25.947655509474,-80.6387940860697
"StartMel","2021",17,"yes","369834","Great Egret",25.9474343570309,-80.6386398442536
"StartMel","2021",18,"yes","369794","Great Egret",25.9478489469395,-80.6387817047719
"StartMel","2021",19,"yes","369833","Great Egret",25.9475614341415,-80.6386407321249
"StartMel","2021",20,"yes","369854","Great Egret",25.9488572902085,-80.6385618550515
"StartMel","2021",21,"no","","White Ibis",25.948890554831,-80.6389485746409
"StartMel","2021",22,"yes","369704","Great Egret",25.9481759314809,-80.63911135152
"StartMel","2021",23,"yes","369826","Great Egret",25.947987709644,-80.6386772531313
"StartMel","2021",24,"yes","369817","Great Egret",25.9482409859499,-80.638635361836
"StartMel","2021",25,"no","","White Ibis",25.9474869119627,-80.639189343889
"StartMel","2021",26,"no","","White Ibis",25.9487216279884,-80.6389811293288
"StartMel","2021",27,"no","","White Ibis",25.947493691773,-80.639152527159
"StartMel","2021",28,"yes","369822","Great Egret",25.9480419580494,-80.6386762916106
"StartMel","2021",29,"no","","White Ibis",25.9487445061964,-80.6388990490523
"StartMel","2021",30,"no","","White Ibis",25.9487541549792,-80.6389026272988
"StartMel","2021",31,"no","","White Ibis",25.9475498052048,-80.6392521267539
"StartMel","2021",32,"yes","369804","Great Egret",25.9474284895947,-80.6387808518517
"StartMel","2021",33,"no","","White Ibis",25.9474874330803,-80.6391572093953
"StartMel","2021",34,"no","","White Ibis",25.9487505284668,-80.638896361839
"StartMel","2021",35,"no","","White Ibis",25.9473646487459,-80.639155016147
"StartMel","2021",36,"yes","369825","Great Egret",25.9479296467947,-80.6387464602995
"StartMel","2021",37,"no","","White Ibis",25.947479964618,-80.6391826571166
"StartMel","2021",38,"no","","White Ibis",25.9474921542565,-80.6391936734802
"StartMel","2021",39,"yes","369813","Great Egret",25.9485899839328,-80.6386649778529
"StartMel","2021",40,"yes","369802","Great Egret",25.9475794281599,-80.638766981889
"StartMel","2021",41,"no","","Wood Stork",25.9473902242794,-80.6391967686355
"StartMel","2021",42,"no","","White Ibis",25.9488998532523,-80.6391384389378
"StartMel","2021",43,"no","","White Ibis",25.9488748651157,-80.6389514701999
"StartMel","2021",44,"no","","White Ibis",25.9487392482111,-80.6388911308565
"StartMel","2021",45,"yes","369819","Great Egret",25.9481945609386,-80.6386561979884
"StartMel","2021",46,"yes","369830","Great Egret",25.9477594123819,-80.6387196448886
"StartMel","2021",47,"yes","369815","Great Egret",25.948389937743,-80.6386552173503
"StartMel","2021",48,"no","","White Ibis",25.9489491460963,-80.6390805560711
"StartMel","2021",49,"yes","369829","Great Egret",25.9478580358111,-80.6386417815618
"StartMel","2021",50,"no","","White Ibis",25.9487560556485,-80.6388933823449
"StartMel","2022",1,"no","","Great Egret",25.9478021820977,-80.6385298887401
"StartMel","2022",2,"yes","151309","Great Egret",25.947948306265,-80.6386526135383
"StartMel","2022",3,"yes","151308","Great Egret",25.9479019378161,-80.6386764233255
"StartMel","2022",4,"no","","Great Egret",25.9478100771858,-80.638683092582
"StartMel","2022",5,"yes","151214","Great Egret",25.9479009577284,-80.638323747855
"StartMel","2022",6,"no","","White Ibis",25.9475011949024,-80.6392349092854
"StartMel","2022",7,"no","","Great Egret",25.9478810840279,-80.6384322397016
"StartMel","2022",8,"yes","151208","Great Egret",25.9481021365873,-80.6384268977342
"StartMel","2022",9,"yes","151084","Great Egret",25.9474832811673,-80.6391543351905
"StartMel","2022",10,"yes","151095","Great Egret",25.947571575963,-80.6386376107646
"StartMel","2022",11,"yes","151144","Great Egret",25.948048314747,-80.6385932884635
"StartMel","2022",12,"no","","Great Egret",25.9481408027717,-80.6383830999
"StartMel","2022",13,"no","","Great Egret",25.9478932272725,-80.6383445093348
"StartMel","2022",14,"no","","Great Egret",25.9482709721027,-80.6385073532738
"StartMel","2022",15,"yes","151206","Great Egret",25.9482064715428,-80.6384270815294
"StartMel","2022",16,"yes","151198","Great Egret",25.9478054586499,-80.6386978418116
"StartMel","2022",17,"yes","151205","Great Egret",25.9477383142848,-80.6385791660779
"StartMel","2022",18,"yes","151143","Great Egret",25.9483352388184,-80.6385788535971
"StartMel","2022",19,"yes","151213","Great Egret",25.948610121425,-80.6382286828461
"StartMel","2022",20,"no","","Great Egret",25.9478963345656,-80.6386666917376
"StartMel","2022",21,"no","","Great Egret",25.9478785102211,-80.6383070170659
"StartMel","2022",22,"no","","Great Egret",25.9488550596057,-80.6385456848838
"StartMel","2022",23,"yes","151303","Great Egret",25.9488331844135,-80.6385869759748
"StartMel","2022",24,"no","","Great Egret",25.9475014743868,-80.6386571011628
"StartMel","2022",25,"yes","151321","Great Egret",25.9486463182366,-80.6384704195542
"StartMel","2022",26,"no","","Great Egret",25.9482399299852,-80.638596858939
"StartMel","2022",27,"no","","Great Egret",25.9478293268725,-80.6385750462522
"StartMel","2022",28,"no","","Great Egret",25.9475712459936,-80.6386390903721
"StartMel","2022",29,"no","","Great Egret",25.9481433345369,-80.6383843269918
"StartMel","2022",30,"yes","151136","White Ibis",25.9474911723064,-80.6391528617999
"StartMel","2022",31,"yes","151102","Great Egret",25.9478009848288,-80.6385303051584
"StartMel","2022",32,"no","","Great Egret",25.9481755164287,-80.6391106357712
"StartMel","2022",33,"no","","Great Egret",25.9486527843977,-80.638168326265
"StartMel","2022",34,"yes","151098","Great Egret",25.9482706063913,-80.6385078452655
"StartMel","2022",35,"no","","Great Egret",25.9477637356575,-80.6385453113103
"StartMel","2022",36,"no","","Great Egret",25.9481559368956,-80.6383184333002
"StartMel","2022",37,"no","","Great Egret",25.9478899415338,-80.6382677029933
"StartMel","2022",38,"no","","Great Egret",25.9478734058407,-80.6385856563818
"StartMel","2022",39,"yes","151153","Great Egret",25.9489393340756,-80.6383349377635
"StartMel","2022",40,"yes","151129","Great Egret",25.9488280045497,-80.6376236440481
"StartMel","2022",41,"yes","151097","Great Egret",25.9488535826303,-80.6385435189892
"StartMel","2022",42,"no","","Great Egret",25.9482002573098,-80.6384323409869
"StartMel","2022",43,"yes","151311","Great Egret",25.9478369294743,-80.6386027068538
"StartMel","2022",44,"yes","151093","Great Egret",25.9478746515419,-80.6385869243378
"StartMel","2022",45,"yes","151332","Great Egret",25.9475835616036,-80.6384581098775
"StartMel","2022",46,"no","","Great Egret",25.9474832580328,-80.6391538721499
"StartMel","2022",47,"no","","Great Egret",25.9478441904383,-80.6384026319543
"StartMel","2022",48,"yes","151331","Great Egret",25.9475851663056,-80.6385433878247
"StartMel","2022",49,"yes","151105","Great Egret",25.9481546015875,-80.6383192136995
"StartMel","2022",50,"no","","Great Egret",25.9479675808069,-80.6384588229881
"Vacation","2020",1,"yes","30","Great Egret",25.9137293157991,-80.630499787782
"Vacation","2020",2,"no","","Great Egret",25.9151306577266,-80.630470115135
"Vacation","2020",3,"yes","23","Great Blue Heron",25.9147110038695,-80.6305237293504
"Vacation","2020",4,"yes","27","Great Egret",25.9143858247814,-80.6304668420022
"Vacation","2020",5,"yes","26","Great Egret",25.9145447838335,-80.6305472652113
"Vacation","2020",6,"yes","48","Great Egret",25.9143284982566,-80.6303044856993
"Vacation","2020",7,"no","","Great Egret",25.9149611718914,-80.6306259416654
"Vacation","2020",8,"no","","Great Blue Heron",25.9152905733565,-80.6304163892303
"Vacation","2020",9,"yes","15","Great Egret",25.9152479635842,-80.630465837282
"Vacation","2020",10,"yes","17","Great Blue Heron",25.9151035700519,-80.630424857018
"Vacation","2020",11,"no","","Great Blue Heron",25.9148649729337,-80.6307502354731
"Vacation","2020",12,"yes","24","Great Blue Heron",25.9147139457457,-80.630408912289
"Vacation","2020",13,"no","","Great Egret",25.9145449651393,-80.6305472257943
"Vacation","2020",14,"yes","7","Great Egret",25.9149303924425,-80.6305892452065
"Vacation","2020",15,"no","","Great Blue Heron",25.9151410771293,-80.6304703161644
"Vacation","2020",16,"no","","Great Egret",25.9149159162323,-80.6304796565859
"Vacation","2020",17,"yes","10","Great Egret",25.9145440024792,-80.6305512251403
"Vacation","2020",18,"yes","21","Great Egret",25.9148377132309,-80.6304922101571
"Vacation","2020",19,"no","","Great Egret",25.9148375985929,-80.6304907498844
"Vacation","2020",20,"no","","Great Egret",25.9151810503346,-80.6302358970371
"Vacation","2020",21,"no","","Great Egret",25.9148058805504,-80.6303064972521
"Vacation","2020",22,"yes","50","Great Egret",25.9142194646203,-80.6303063633005
"Vacation","2020",23,"yes","41","Great Egret",25.9148104520573,-80.6303519095759
"Vacation","2020",24,"no","","Great Egret",25.9155408194237,-80.6303860369906
"Vacation","2020",25,"no","","Great Egret",25.9141604838056,-80.6306361109283
"Vacation","2020",26,"yes","25","Great Egret",25.9146537128507,-80.6303872870508
"Vacation","2020",27,"no","","Roseate Spoonbill",25.915623915533,-80.630711879291
"Vacation","2020",28,"no","","Great Egret",25.9145417779888,-80.6305534375456
"Vacation","2020",29,"no","","Great Egret",25.9152481916841,-80.6304661560341
"Vacation","2020",30,"no","","Great Egret",25.9140768535469,-80.630547787662
"Vacation","2020",31,"no","","Great Blue Heron",25.9154087193396,-80.6302303297268
"Vacation","2020",32,"no","","Great Blue Heron",25.9149700282874,-80.6306234616421
"Vacation","2020",33,"no","","Great Egret",25.914632358639,-80.6303949799968
"Vacation","2020",34,"yes","28","Great Egret",25.9140779601644,-80.6305482428727
"Vacation","2020",35,"no","","Great Egret",25.9137292485307,-80.6304997460638
"Vacation","2020",36,"no","","Great Egret",25.9143856752778,-80.6304661070681
"Vacation","2020",37,"yes","16","Great Blue Heron",25.9152906084885,-80.6304162546949
"Vacation","2020",38,"yes","34","Great Blue Heron",25.9154541721093,-80.6303129503636
"Vacation","2020",39,"yes","19","Great Blue Heron",25.9151425313553,-80.6304703061262
"Vacation","2020",40,"yes","18","Great Egret",25.9151314347567,-80.630470723923
"Vacation","2020",41,"no","","Wood Stork",25.9154246848961,-80.630304486518
"Vacation","2020",42,"yes","8","Great Blue Heron",25.9149707452348,-80.6306238865667
"Vacation","2020",43,"yes","22","Great Egret",25.914632407396,-80.6303954859524
"Vacation","2020",44,"yes","20","Great Egret",25.9149165805473,-80.6304794012343
"Vacation","2020",45,"no","","Great Blue Heron",25.91510318453,-80.6304249561684
"Vacation","2020",46,"yes","37","Great Egret",25.9151836372624,-80.6302332170338
"Vacation","2020",47,"no","","Great Egret",25.9149299565172,-80.6305888505878
"Vacation","2020",48,"yes","43","Great Egret",25.9147578477745,-80.6303481380599
"Vacation","2020",49,"no","","Great Blue Heron",25.9147104623406,-80.6305254322538
"Vacation","2020",50,"yes","12","Great Blue Heron",25.9155423637477,-80.6303846095936
"Vacation","2021",1,"yes","231346","Great Egret",25.914804918257,-80.6304809843541
"Vacation","2021",2,"no","","Great Blue Heron",25.9154977468721,-80.6304599528826
"Vacation","2021",3,"no","","White Ibis",25.9143591577115,-80.6304891375438
"Vacation","2021",4,"no","","Great Egret",25.914353684406,-80.6305016413775
"Vacation","2021",5,"no","","Great Egret",25.9141485782863,-80.6304766924309
"Vacation","2021",6,"yes","231329","Great Egret",25.9135949526883,-80.6308849410286
"Vacation","2021",7,"yes","231330","Great Blue Heron",25.9149235477989,-80.6306841223142
"Vacation","2021",8,"yes","231375","Great Egret",25.915360003044,-80.6304355676464
"Vacation","2021",9,"yes","231378","Great Egret",25.9150502057809,-80.6303590241294
"Vacation","2021",10,"yes","231365","Great Egret",25.9140640180262,-80.6305084827488
"Vacation","2021",11,"yes","231342","Great Egret",25.9152400521183,-80.6305087970387
"Vacation","2021",12,"yes","231354","Great Egret",25.9142753675172,-80.6305504808645
"Vacation","2021",13,"no","","Great Blue Heron",25.91419194777,-80.6305501849358
"Vacation","2021",14,"yes","231368","Great Egret",25.913870820174,-80.6305823535001
"Vacation","2021",15,"no","","Great Egret",25.9139247038689,-80.6306107106972
"Vacation","2021",16,"no","","Great Blue Heron",25.9149230217164,-80.6306839075676
"Vacation","2021",17,"no","","Great Egret",25.9148042897973,-80.6304807758254
"Vacation","2021",18,"no","","Great Egret",25.9152405550784,-80.6305079608389
"Vacation","2021",19,"yes","231348","Great Egret",25.914534209924,-80.6305399092167
"Vacation","2021",20,"yes","231335","Great Egret",25.9139247729442,-80.6306099098708
"Vacation","2021",21,"yes","231326","Great Egret",25.9144160264764,-80.6310143764101
"Vacation","2021",22,"no","","White Ibis",25.9157362670879,-80.6305155764878
"Vacation","2021",23,"yes","231340","Great Egret",25.9152491096703,-80.630468947459
"Vacation","2021",24,"no","","Great Egret",25.9139354553551,-80.6306152739542
"Vacation","2021",25,"yes","231338","Great Blue Heron",25.9154971028501,-80.6304592856383
"Vacation","2021",26,"yes","231351","Great Egret",25.9143700940744,-80.6304977967242
"Vacation","2021",27,"yes","231358","Great Egret",25.9141479897446,-80.6304766110657
"Vacation","2021",28,"no","","Great Egret",25.9135947140907,-80.6308848628322
"Vacation","2021",29,"no","","Great Egret",25.9151959394608,-80.6305517065983
"Vacation","2021",30,"no","","Great Egret",25.9140285831881,-80.6306682401155
"Vacation","2021",31,"yes","231349","Great Egret",25.9143978144052,-80.6304665710533
"Vacation","2021",32,"no","","Great Egret",25.9149109363774,-80.6305815142867
"Vacation","2021",33,"yes","231363","Great Egret",25.9141043950873,-80.6305485293502
"Vacation","2021",34,"no","","Great Egret",25.9141884488722,-80.6305710585724
"Vacation","2021",35,"yes","231360","Great Egret",25.9140791765778,-80.6304753558372
"Vacation","2021",36,"no","","Great Egret",25.9143704779262,-80.6304976078015
"Vacation","2021",37,"no","","Great Egret",25.9143973963102,-80.6304662738526
"Vacation","2021",38,"no","","Great Egret",25.9145339434275,-80.6305398443683
"Vacation","2021",39,"no","","Great Egret",25.9143581020986,-80.6307018030962
"Vacation","2021",40,"no","","Great Egret",25.9141883450985,-80.630483833456
"Vacation","2021",41,"yes","231341","Great Egret",25.9151962214694,-80.6305518931746
"Vacation","2021",42,"yes","231359","Great Blue Heron",25.9141920517568,-80.630551043624
"Vacation","2021",43,"yes","231367","Great Egret",25.9138146037895,-80.6305484515466
"Vacation","2021",44,"yes","231376","Great Egret",25.9151926801072,-80.6304532153942
"Vacation","2021",45,"no","","Great Egret",25.9152490516897,-80.630468277845
"Vacation","2021",46,"yes","231345","Great Egret",25.9149103709155,-80.6305812527699
"Vacation","2021",47,"no","","White Ibis",25.9139710738027,-80.6306036052288
"Vacation","2021",48,"no","","Great Egret",25.9144161828493,-80.6310149662349
"Vacation","2021",49,"no","","Great Egret",25.9140787969415,-80.630475731278
"Vacation","2021",50,"yes","231373","Great Egret",25.9152669128598,-80.6303508129472
"Vacation","2022",1,"no","","Great Egret",25.9142620729963,-80.6307347914904
"Vacation","2022",2,"no","","Great Egret",25.9146842905923,-80.630593518331
"Vacation","2022",3,"no","","Great Egret",25.9142027323572,-80.6306585763457
"Vacation","2022",4,"yes","132266","Great Egret",25.913812913416,-80.6305451234102
"Vacation","2022",5,"no","","Great Egret",25.9142742261139,-80.630547179348
"Vacation","2022",6,"no","","White Ibis",25.9138797768417,-80.630593465064
"Vacation","2022",7,"no","","Great Egret",25.9138589937591,-80.6305924581333
"Vacation","2022",8,"no","","Great Egret",25.914139622542,-80.6306343914363
"Vacation","2022",9,"yes","132259","Great Egret",25.9141400876544,-80.6306317988481
"Vacation","2022",10,"no","","Great Egret",25.9143156031484,-80.6306900344131
"Vacation","2022",11,"no","","Great Egret",25.9142231291281,-80.6305882913297
"Vacation","2022",12,"no","","Great Egret",25.9135985737016,-80.6308854504195
"Vacation","2022",13,"yes","132239","Great Egret",25.9142376744062,-80.6307362107771
"Vacation","2022",14,"yes","132270","Great Blue Heron",25.9154978950324,-80.6304638819127
"Vacation","2022",15,"yes","132260","Great Egret",25.9141655352618,-80.630634970057
"Vacation","2022",16,"no","","Great Egret",25.9140858364061,-80.6306823811738
"Vacation","2022",17,"no","","Great Egret",25.9140303995441,-80.6307543761689
"Vacation","2022",18,"yes","132265","Great Egret",25.9138803873567,-80.6305938409215
"Vacation","2022",19,"no","","Great Egret",25.9142373392672,-80.6307361101528
"Vacation","2022",20,"no","","Great Egret",25.9138920727698,-80.6305829840345
"Vacation","2022",21,"yes","132279","Great Egret",25.9147998397208,-80.6304826379687
"Vacation","2022",22,"yes","132262","Great Egret",25.9139719792911,-80.6306022241357
"Vacation","2022",23,"yes","132243","Great Egret",25.9140850593314,-80.6306829586338
"Vacation","2022",24,"yes","132276","Great Egret",25.9148905682274,-80.6303943565157
"Vacation","2022",25,"yes","132271","Great Egret",25.9152370565196,-80.6305117420666
"Vacation","2022",26,"yes","132281","Great Egret",25.9147793919208,-80.630495355004
"Vacation","2022",27,"no","","Great Egret",25.913970725376,-80.6306020482294
"Vacation","2022",28,"no","","Great Egret",25.9144160120895,-80.6306171376456
"Vacation","2022",29,"no","","Great Egret",25.914436196659,-80.6306982933081
"Vacation","2022",30,"yes","132247","Great Egret",25.9139142240384,-80.6306687764048
"Vacation","2022",31,"yes","132288","Great Egret",25.9143601702515,-80.6304298252873
"Vacation","2022",32,"yes","132283","Great Egret",25.9145880216249,-80.6304824826967
"Vacation","2022",33,"yes","132285","Great Egret",25.9145250615045,-80.6304408951477
"Vacation","2022",34,"yes","132274","Great Egret",25.9149380135326,-80.6304851016215
"Vacation","2022",35,"no","","Great Egret",25.9140293050176,-80.630667249417
"Vacation","2022",36,"yes","132290","Great Egret",25.9143994161302,-80.6304713667056
"Vacation","2022",37,"no","","Great Egret",25.9141649461807,-80.6306354135414
"Vacation","2022",38,"no","","Great Egret",25.9139136915034,-80.6306690749454
"Vacation","2022",39,"yes","132273","Great Blue Heron",25.9151035997069,-80.6304258567561
"Vacation","2022",40,"yes","132261","Great Egret",25.9142040435454,-80.6306566456292
"Vacation","2022",41,"yes","132263","Great Egret",25.9138928188767,-80.6305835022924
"Vacation","2022",42,"yes","132256","Great Egret",25.9144173162485,-80.6306162476823
"Vacation","2022",43,"no","","Great Blue Heron",25.9147282271048,-80.6306472304043
"Vacation","2022",44,"yes","132289","Great Egret",25.9144133040306,-80.6303897416058
"Vacation","2022",45,"no","","Great Blue Heron",25.9150457232946,-80.6306221382612
"Vacation","2022",46,"no","","White Ibis",25.9152255067435,-80.6306663370652
"Vacation","2022",47,"yes","132251","Great Blue Heron",25.9147282610977,-80.6306473969083
"Vacation","2022",48,"no","","Great Egret",25.9135947277487,-80.6308848126533
"Vacation","2022",49,"yes","132264","Great Egret",25.9138580317493,-80.6305916491985
"Vacation","2022",50,"no","","Great Egret",25.914351759668,-80.6306211888046
